rest_stop_id,food_area,menu_item,food_category,price_krw,availability,is_signature,recommended,sample_rating,menu_description
RS001,한식 푸드코트,프리미엄 돈가스 정식,한식·양식,12500,아침–저녁,Yes,Yes,4.0,휴게소에서 익숙하게 즐길 수 있는 식사형 메뉴입니다. 해당 휴게소에서 특히 강조되는 시그니처 메뉴로 분리해 보여줍니다.
RS001,한식 푸드코트,서울식 불고기덮밥,한식,12000,점심–저녁,No,Yes,4.1,든든한 식사를 원하는 운전자에게 맞춘 기본 한식 메뉴입니다. 대시보드 추천 메뉴로 표시됩니다.
RS001,한식 푸드코트,고속도로 아침 정식,한식,9000,아침–저녁,No,No,4.2,든든한 식사를 원하는 운전자에게 맞춘 기본 한식 메뉴입니다.
RS001,간식 코너,패밀리 간식 세트,간식,9500,점심–저녁,No,No,4.3,짧은 휴식 시간에 먹기 좋은 휴게소 간식 메뉴입니다.
RS001,한식 푸드코트,소불고기덮밥,한식,11000,아침–저녁,No,Yes,4.4,든든한 식사를 원하는 운전자에게 맞춘 기본 한식 메뉴입니다. 대시보드 추천 메뉴로 표시됩니다.
RS001,한식 푸드코트,김치찌개 정식,한식,10000,점심–저녁,No,No,4.5,든든한 식사를 원하는 운전자에게 맞춘 기본 한식 메뉴입니다.
RS001,면요리 코너,우동,면요리,7500,아침–저녁,No,No,4.6,빠르게 먹기 좋고 이동 중 부담이 적은 따뜻한 면 메뉴입니다.
RS001,면요리 코너,얼큰 라면,면요리,6000,점심–저녁,No,No,4.7,빠르게 먹기 좋고 이동 중 부담이 적은 따뜻한 면 메뉴입니다.
RS001,면요리 코너,잔치국수,면요리,8000,아침–저녁,No,Yes,4.8,빠르게 먹기 좋고 이동 중 부담이 적은 따뜻한 면 메뉴입니다. 대시보드 추천 메뉴로 표시됩니다.
RS001,간식 코너,소떡소떡,간식,5000,점심–저녁,No,No,4.9,짧은 휴식 시간에 먹기 좋은 휴게소 간식 메뉴입니다.
RS001,간식 코너,핫바 꼬치,간식,4500,아침–저녁,No,No,3.8,짧은 휴식 시간에 먹기 좋은 휴게소 간식 메뉴입니다.
RS001,카페·디저트,아메리카노,음료,4000,상시 판매,No,No,3.9,운전 중 졸음을 깨거나 휴식을 돕는 기본 음료 메뉴입니다.
RS002,한식 푸드코트,프리미엄 돈가스 정식,한식·양식,13000,아침–저녁,Yes,Yes,4.1,휴게소에서 익숙하게 즐길 수 있는 식사형 메뉴입니다. 해당 휴게소에서 특히 강조되는 시그니처 메뉴로 분리해 보여줍니다.
RS002,한식 푸드코트,서울식 불고기덮밥,한식,12500,점심–저녁,No,Yes,4.2,든든한 식사를 원하는 운전자에게 맞춘 기본 한식 메뉴입니다. 대시보드 추천 메뉴로 표시됩니다.
RS002,한식 푸드코트,고속도로 아침 정식,한식,9500,아침–저녁,No,No,4.3,든든한 식사를 원하는 운전자에게 맞춘 기본 한식 메뉴입니다.
RS002,간식 코너,패밀리 간식 세트,간식,10000,점심–저녁,No,No,4.4,짧은 휴식 시간에 먹기 좋은 휴게소 간식 메뉴입니다.
RS002,한식 푸드코트,소불고기덮밥,한식,11500,아침–저녁,No,Yes,4.5,든든한 식사를 원하는 운전자에게 맞춘 기본 한식 메뉴입니다. 대시보드 추천 메뉴로 표시됩니다.
RS002,한식 푸드코트,김치찌개 정식,한식,10500,점심–저녁,No,No,4.6,든든한 식사를 원하는 운전자에게 맞춘 기본 한식 메뉴입니다.
RS002,면요리 코너,우동,면요리,8000,아침–저녁,No,No,4.7,빠르게 먹기 좋고 이동 중 부담이 적은 따뜻한 면 메뉴입니다.
RS002,면요리 코너,얼큰 라면,면요리,6500,점심–저녁,No,No,4.8,빠르게 먹기 좋고 이동 중 부담이 적은 따뜻한 면 메뉴입니다.
RS002,면요리 코너,잔치국수,면요리,8500,아침–저녁,No,Yes,4.9,빠르게 먹기 좋고 이동 중 부담이 적은 따뜻한 면 메뉴입니다. 대시보드 추천 메뉴로 표시됩니다.
RS002,간식 코너,소떡소떡,간식,5500,점심–저녁,No,No,3.8,짧은 휴식 시간에 먹기 좋은 휴게소 간식 메뉴입니다.
RS002,간식 코너,핫바 꼬치,간식,5000,아침–저녁,No,No,3.9,짧은 휴식 시간에 먹기 좋은 휴게소 간식 메뉴입니다.
RS002,카페·디저트,아메리카노,음료,4500,상시 판매,No,No,4.0,운전 중 졸음을 깨거나 휴식을 돕는 기본 음료 메뉴입니다.
RS003,한식 푸드코트,프리미엄 돈가스 정식,한식·양식,12000,아침–저녁,Yes,Yes,4.2,휴게소에서 익숙하게 즐길 수 있는 식사형 메뉴입니다. 해당 휴게소에서 특히 강조되는 시그니처 메뉴로 분리해 보여줍니다.
RS003,한식 푸드코트,서울식 불고기덮밥,한식,11500,점심–저녁,No,Yes,4.3,든든한 식사를 원하는 운전자에게 맞춘 기본 한식 메뉴입니다. 대시보드 추천 메뉴로 표시됩니다.
RS003,한식 푸드코트,고속도로 아침 정식,한식,8500,아침–저녁,No,No,4.4,든든한 식사를 원하는 운전자에게 맞춘 기본 한식 메뉴입니다.
RS003,간식 코너,패밀리 간식 세트,간식,9000,점심–저녁,No,No,4.5,짧은 휴식 시간에 먹기 좋은 휴게소 간식 메뉴입니다.
RS003,한식 푸드코트,소불고기덮밥,한식,10500,아침–저녁,No,Yes,4.6,든든한 식사를 원하는 운전자에게 맞춘 기본 한식 메뉴입니다. 대시보드 추천 메뉴로 표시됩니다.
RS003,한식 푸드코트,김치찌개 정식,한식,9500,점심–저녁,No,No,4.7,든든한 식사를 원하는 운전자에게 맞춘 기본 한식 메뉴입니다.
RS003,면요리 코너,우동,면요리,7000,아침–저녁,No,No,4.8,빠르게 먹기 좋고 이동 중 부담이 적은 따뜻한 면 메뉴입니다.
RS003,면요리 코너,얼큰 라면,면요리,5500,점심–저녁,No,No,4.9,빠르게 먹기 좋고 이동 중 부담이 적은 따뜻한 면 메뉴입니다.
RS003,면요리 코너,잔치국수,면요리,7500,아침–저녁,No,Yes,3.8,빠르게 먹기 좋고 이동 중 부담이 적은 따뜻한 면 메뉴입니다. 대시보드 추천 메뉴로 표시됩니다.
RS003,간식 코너,소떡소떡,간식,4500,점심–저녁,No,No,3.9,짧은 휴식 시간에 먹기 좋은 휴게소 간식 메뉴입니다.
RS003,간식 코너,핫바 꼬치,간식,4000,아침–저녁,No,No,4.0,짧은 휴식 시간에 먹기 좋은 휴게소 간식 메뉴입니다.
RS003,카페·디저트,아메리카노,음료,3500,상시 판매,No,No,4.1,운전 중 졸음을 깨거나 휴식을 돕는 기본 음료 메뉴입니다.
RS004,한식 푸드코트,프리미엄 돈가스 정식,한식·양식,12500,아침–저녁,Yes,Yes,4.3,휴게소에서 익숙하게 즐길 수 있는 식사형 메뉴입니다. 해당 휴게소에서 특히 강조되는 시그니처 메뉴로 분리해 보여줍니다.
RS004,한식 푸드코트,서울식 불고기덮밥,한식,12000,점심–저녁,No,Yes,4.4,든든한 식사를 원하는 운전자에게 맞춘 기본 한식 메뉴입니다. 대시보드 추천 메뉴로 표시됩니다.
RS004,한식 푸드코트,고속도로 아침 정식,한식,9000,아침–저녁,No,No,4.5,든든한 식사를 원하는 운전자에게 맞춘 기본 한식 메뉴입니다.
RS004,간식 코너,패밀리 간식 세트,간식,9500,점심–저녁,No,No,4.6,짧은 휴식 시간에 먹기 좋은 휴게소 간식 메뉴입니다.
RS004,한식 푸드코트,소불고기덮밥,한식,11000,아침–저녁,No,Yes,4.7,든든한 식사를 원하는 운전자에게 맞춘 기본 한식 메뉴입니다. 대시보드 추천 메뉴로 표시됩니다.
RS004,한식 푸드코트,김치찌개 정식,한식,10000,점심–저녁,No,No,4.8,든든한 식사를 원하는 운전자에게 맞춘 기본 한식 메뉴입니다.
RS004,면요리 코너,우동,면요리,7500,아침–저녁,No,No,4.9,빠르게 먹기 좋고 이동 중 부담이 적은 따뜻한 면 메뉴입니다.
RS004,면요리 코너,얼큰 라면,면요리,6000,점심–저녁,No,No,3.8,빠르게 먹기 좋고 이동 중 부담이 적은 따뜻한 면 메뉴입니다.
RS004,면요리 코너,잔치국수,면요리,8000,아침–저녁,No,Yes,3.9,빠르게 먹기 좋고 이동 중 부담이 적은 따뜻한 면 메뉴입니다. 대시보드 추천 메뉴로 표시됩니다.
RS004,간식 코너,소떡소떡,간식,5000,점심–저녁,No,No,4.0,짧은 휴식 시간에 먹기 좋은 휴게소 간식 메뉴입니다.
RS004,간식 코너,핫바 꼬치,간식,4500,아침–저녁,No,No,4.1,짧은 휴식 시간에 먹기 좋은 휴게소 간식 메뉴입니다.
RS004,카페·디저트,아메리카노,음료,4000,상시 판매,No,No,4.2,운전 중 졸음을 깨거나 휴식을 돕는 기본 음료 메뉴입니다.
RS005,한식 푸드코트,알밤 불고기덮밥,지역 대표 메뉴,13000,아침–저녁,Yes,Yes,4.4,이 휴게소의 개성을 보여주는 지역형 대표 메뉴입니다. 해당 휴게소에서 특히 강조되는 시그니처 메뉴로 분리해 보여줍니다.
RS005,카페·디저트,천안 호두과자 세트,디저트,7500,상시 판매,No,Yes,4.5,식사 후 가볍게 즐기기 좋은 달콤한 메뉴입니다. 대시보드 추천 메뉴로 표시됩니다.
RS005,면요리 코너,대천 해물라면,면요리,9500,아침–저녁,No,No,4.6,빠르게 먹기 좋고 이동 중 부담이 적은 따뜻한 면 메뉴입니다.
RS005,면요리 코너,금강 어묵국수,면요리,10000,점심–저녁,No,No,4.7,빠르게 먹기 좋고 이동 중 부담이 적은 따뜻한 면 메뉴입니다.
RS005,한식 푸드코트,소불고기덮밥,한식,11500,아침–저녁,No,Yes,4.8,든든한 식사를 원하는 운전자에게 맞춘 기본 한식 메뉴입니다. 대시보드 추천 메뉴로 표시됩니다.
RS005,한식 푸드코트,김치찌개 정식,한식,10500,점심–저녁,No,No,4.9,든든한 식사를 원하는 운전자에게 맞춘 기본 한식 메뉴입니다.
RS005,면요리 코너,우동,면요리,8000,아침–저녁,No,No,3.8,빠르게 먹기 좋고 이동 중 부담이 적은 따뜻한 면 메뉴입니다.
RS005,면요리 코너,얼큰 라면,면요리,6500,점심–저녁,No,No,3.9,빠르게 먹기 좋고 이동 중 부담이 적은 따뜻한 면 메뉴입니다.
RS005,면요리 코너,잔치국수,면요리,8500,아침–저녁,No,Yes,4.0,빠르게 먹기 좋고 이동 중 부담이 적은 따뜻한 면 메뉴입니다. 대시보드 추천 메뉴로 표시됩니다.
RS005,간식 코너,소떡소떡,간식,5500,점심–저녁,No,No,4.1,짧은 휴식 시간에 먹기 좋은 휴게소 간식 메뉴입니다.
RS005,간식 코너,핫바 꼬치,간식,5000,아침–저녁,No,No,4.2,짧은 휴식 시간에 먹기 좋은 휴게소 간식 메뉴입니다.
RS005,카페·디저트,아메리카노,음료,4500,상시 판매,No,No,4.3,운전 중 졸음을 깨거나 휴식을 돕는 기본 음료 메뉴입니다.
RS006,한식 푸드코트,알밤 불고기덮밥,지역 대표 메뉴,12000,아침–저녁,Yes,Yes,4.5,이 휴게소의 개성을 보여주는 지역형 대표 메뉴입니다. 해당 휴게소에서 특히 강조되는 시그니처 메뉴로 분리해 보여줍니다.
RS006,카페·디저트,천안 호두과자 세트,디저트,6500,상시 판매,No,Yes,4.6,식사 후 가볍게 즐기기 좋은 달콤한 메뉴입니다. 대시보드 추천 메뉴로 표시됩니다.
RS006,면요리 코너,대천 해물라면,면요리,8500,아침–저녁,No,No,4.7,빠르게 먹기 좋고 이동 중 부담이 적은 따뜻한 면 메뉴입니다.
RS006,면요리 코너,금강 어묵국수,면요리,9000,점심–저녁,No,No,4.8,빠르게 먹기 좋고 이동 중 부담이 적은 따뜻한 면 메뉴입니다.
RS006,한식 푸드코트,소불고기덮밥,한식,10500,아침–저녁,No,Yes,4.9,든든한 식사를 원하는 운전자에게 맞춘 기본 한식 메뉴입니다. 대시보드 추천 메뉴로 표시됩니다.
RS006,한식 푸드코트,김치찌개 정식,한식,9500,점심–저녁,No,No,3.8,든든한 식사를 원하는 운전자에게 맞춘 기본 한식 메뉴입니다.
RS006,면요리 코너,우동,면요리,7000,아침–저녁,No,No,3.9,빠르게 먹기 좋고 이동 중 부담이 적은 따뜻한 면 메뉴입니다.
RS006,면요리 코너,얼큰 라면,면요리,5500,점심–저녁,No,No,4.0,빠르게 먹기 좋고 이동 중 부담이 적은 따뜻한 면 메뉴입니다.
RS006,면요리 코너,잔치국수,면요리,7500,아침–저녁,No,Yes,4.1,빠르게 먹기 좋고 이동 중 부담이 적은 따뜻한 면 메뉴입니다. 대시보드 추천 메뉴로 표시됩니다.
RS006,간식 코너,소떡소떡,간식,4500,점심–저녁,No,No,4.2,짧은 휴식 시간에 먹기 좋은 휴게소 간식 메뉴입니다.
RS006,간식 코너,핫바 꼬치,간식,4000,아침–저녁,No,No,4.3,짧은 휴식 시간에 먹기 좋은 휴게소 간식 메뉴입니다.
RS006,카페·디저트,아메리카노,음료,3500,상시 판매,No,No,4.4,운전 중 졸음을 깨거나 휴식을 돕는 기본 음료 메뉴입니다.
RS007,한식 푸드코트,알밤 불고기덮밥,지역 대표 메뉴,12500,아침–저녁,Yes,Yes,4.6,이 휴게소의 개성을 보여주는 지역형 대표 메뉴입니다. 해당 휴게소에서 특히 강조되는 시그니처 메뉴로 분리해 보여줍니다.
RS007,카페·디저트,천안 호두과자 세트,디저트,7000,상시 판매,No,Yes,4.7,식사 후 가볍게 즐기기 좋은 달콤한 메뉴입니다. 대시보드 추천 메뉴로 표시됩니다.
RS007,면요리 코너,대천 해물라면,면요리,9000,아침–저녁,No,No,4.8,빠르게 먹기 좋고 이동 중 부담이 적은 따뜻한 면 메뉴입니다.
RS007,면요리 코너,금강 어묵국수,면요리,9500,점심–저녁,No,No,4.9,빠르게 먹기 좋고 이동 중 부담이 적은 따뜻한 면 메뉴입니다.
RS007,한식 푸드코트,소불고기덮밥,한식,11000,아침–저녁,No,Yes,3.8,든든한 식사를 원하는 운전자에게 맞춘 기본 한식 메뉴입니다. 대시보드 추천 메뉴로 표시됩니다.
RS007,한식 푸드코트,김치찌개 정식,한식,10000,점심–저녁,No,No,3.9,든든한 식사를 원하는 운전자에게 맞춘 기본 한식 메뉴입니다.
RS007,면요리 코너,우동,면요리,7500,아침–저녁,No,No,4.0,빠르게 먹기 좋고 이동 중 부담이 적은 따뜻한 면 메뉴입니다.
RS007,면요리 코너,얼큰 라면,면요리,6000,점심–저녁,No,No,4.1,빠르게 먹기 좋고 이동 중 부담이 적은 따뜻한 면 메뉴입니다.
RS007,면요리 코너,잔치국수,면요리,8000,아침–저녁,No,Yes,4.2,빠르게 먹기 좋고 이동 중 부담이 적은 따뜻한 면 메뉴입니다. 대시보드 추천 메뉴로 표시됩니다.
RS007,간식 코너,소떡소떡,간식,5000,점심–저녁,No,No,4.3,짧은 휴식 시간에 먹기 좋은 휴게소 간식 메뉴입니다.
RS007,간식 코너,핫바 꼬치,간식,4500,아침–저녁,No,No,4.4,짧은 휴식 시간에 먹기 좋은 휴게소 간식 메뉴입니다.
RS007,카페·디저트,아메리카노,음료,4000,상시 판매,No,No,4.5,운전 중 졸음을 깨거나 휴식을 돕는 기본 음료 메뉴입니다.
RS008,한식 푸드코트,알밤 불고기덮밥,지역 대표 메뉴,13000,아침–저녁,Yes,Yes,4.7,이 휴게소의 개성을 보여주는 지역형 대표 메뉴입니다. 해당 휴게소에서 특히 강조되는 시그니처 메뉴로 분리해 보여줍니다.
RS008,카페·디저트,천안 호두과자 세트,디저트,7500,상시 판매,No,Yes,4.8,식사 후 가볍게 즐기기 좋은 달콤한 메뉴입니다. 대시보드 추천 메뉴로 표시됩니다.
RS008,면요리 코너,대천 해물라면,면요리,9500,아침–저녁,No,No,4.9,빠르게 먹기 좋고 이동 중 부담이 적은 따뜻한 면 메뉴입니다.
RS008,면요리 코너,금강 어묵국수,면요리,10000,점심–저녁,No,No,3.8,빠르게 먹기 좋고 이동 중 부담이 적은 따뜻한 면 메뉴입니다.
RS008,한식 푸드코트,소불고기덮밥,한식,11500,아침–저녁,No,Yes,3.9,든든한 식사를 원하는 운전자에게 맞춘 기본 한식 메뉴입니다. 대시보드 추천 메뉴로 표시됩니다.
RS008,한식 푸드코트,김치찌개 정식,한식,10500,점심–저녁,No,No,4.0,든든한 식사를 원하는 운전자에게 맞춘 기본 한식 메뉴입니다.
RS008,면요리 코너,우동,면요리,8000,아침–저녁,No,No,4.1,빠르게 먹기 좋고 이동 중 부담이 적은 따뜻한 면 메뉴입니다.
RS008,면요리 코너,얼큰 라면,면요리,6500,점심–저녁,No,No,4.2,빠르게 먹기 좋고 이동 중 부담이 적은 따뜻한 면 메뉴입니다.
RS008,면요리 코너,잔치국수,면요리,8500,아침–저녁,No,Yes,4.3,빠르게 먹기 좋고 이동 중 부담이 적은 따뜻한 면 메뉴입니다. 대시보드 추천 메뉴로 표시됩니다.
RS008,간식 코너,소떡소떡,간식,5500,점심–저녁,No,No,4.4,짧은 휴식 시간에 먹기 좋은 휴게소 간식 메뉴입니다.
RS008,간식 코너,핫바 꼬치,간식,5000,아침–저녁,No,No,4.5,짧은 휴식 시간에 먹기 좋은 휴게소 간식 메뉴입니다.
RS008,카페·디저트,아메리카노,음료,4500,상시 판매,No,No,4.6,운전 중 졸음을 깨거나 휴식을 돕는 기본 음료 메뉴입니다.
RS009,한식 푸드코트,알밤 불고기덮밥,지역 대표 메뉴,12000,아침–저녁,Yes,Yes,4.8,이 휴게소의 개성을 보여주는 지역형 대표 메뉴입니다. 해당 휴게소에서 특히 강조되는 시그니처 메뉴로 분리해 보여줍니다.
RS009,카페·디저트,천안 호두과자 세트,디저트,6500,상시 판매,No,Yes,4.9,식사 후 가볍게 즐기기 좋은 달콤한 메뉴입니다. 대시보드 추천 메뉴로 표시됩니다.
RS009,면요리 코너,대천 해물라면,면요리,8500,아침–저녁,No,No,3.8,빠르게 먹기 좋고 이동 중 부담이 적은 따뜻한 면 메뉴입니다.
RS009,면요리 코너,금강 어묵국수,면요리,9000,점심–저녁,No,No,3.9,빠르게 먹기 좋고 이동 중 부담이 적은 따뜻한 면 메뉴입니다.
RS009,한식 푸드코트,소불고기덮밥,한식,10500,아침–저녁,No,Yes,4.0,든든한 식사를 원하는 운전자에게 맞춘 기본 한식 메뉴입니다. 대시보드 추천 메뉴로 표시됩니다.
RS009,한식 푸드코트,김치찌개 정식,한식,9500,점심–저녁,No,No,4.1,든든한 식사를 원하는 운전자에게 맞춘 기본 한식 메뉴입니다.
RS009,면요리 코너,우동,면요리,7000,아침–저녁,No,No,4.2,빠르게 먹기 좋고 이동 중 부담이 적은 따뜻한 면 메뉴입니다.
RS009,면요리 코너,얼큰 라면,면요리,5500,점심–저녁,No,No,4.3,빠르게 먹기 좋고 이동 중 부담이 적은 따뜻한 면 메뉴입니다.
RS009,면요리 코너,잔치국수,면요리,7500,아침–저녁,No,Yes,4.4,빠르게 먹기 좋고 이동 중 부담이 적은 따뜻한 면 메뉴입니다. 대시보드 추천 메뉴로 표시됩니다.
RS009,간식 코너,소떡소떡,간식,4500,점심–저녁,No,No,4.5,짧은 휴식 시간에 먹기 좋은 휴게소 간식 메뉴입니다.
RS009,간식 코너,핫바 꼬치,간식,4000,아침–저녁,No,No,4.6,짧은 휴식 시간에 먹기 좋은 휴게소 간식 메뉴입니다.
RS009,카페·디저트,아메리카노,음료,3500,상시 판매,No,No,4.7,운전 중 졸음을 깨거나 휴식을 돕는 기본 음료 메뉴입니다.
RS010,한식 푸드코트,알밤 불고기덮밥,지역 대표 메뉴,12500,아침–저녁,Yes,Yes,4.9,이 휴게소의 개성을 보여주는 지역형 대표 메뉴입니다. 해당 휴게소에서 특히 강조되는 시그니처 메뉴로 분리해 보여줍니다.
RS010,카페·디저트,천안 호두과자 세트,디저트,7000,상시 판매,No,Yes,3.8,식사 후 가볍게 즐기기 좋은 달콤한 메뉴입니다. 대시보드 추천 메뉴로 표시됩니다.
RS010,면요리 코너,대천 해물라면,면요리,9000,아침–저녁,No,No,3.9,빠르게 먹기 좋고 이동 중 부담이 적은 따뜻한 면 메뉴입니다.
RS010,면요리 코너,금강 어묵국수,면요리,9500,점심–저녁,No,No,4.0,빠르게 먹기 좋고 이동 중 부담이 적은 따뜻한 면 메뉴입니다.
RS010,한식 푸드코트,소불고기덮밥,한식,11000,아침–저녁,No,Yes,4.1,든든한 식사를 원하는 운전자에게 맞춘 기본 한식 메뉴입니다. 대시보드 추천 메뉴로 표시됩니다.
RS010,한식 푸드코트,김치찌개 정식,한식,10000,점심–저녁,No,No,4.2,든든한 식사를 원하는 운전자에게 맞춘 기본 한식 메뉴입니다.
RS010,면요리 코너,우동,면요리,7500,아침–저녁,No,No,4.3,빠르게 먹기 좋고 이동 중 부담이 적은 따뜻한 면 메뉴입니다.
RS010,면요리 코너,얼큰 라면,면요리,6000,점심–저녁,No,No,4.4,빠르게 먹기 좋고 이동 중 부담이 적은 따뜻한 면 메뉴입니다.
RS010,면요리 코너,잔치국수,면요리,8000,아침–저녁,No,Yes,4.5,빠르게 먹기 좋고 이동 중 부담이 적은 따뜻한 면 메뉴입니다. 대시보드 추천 메뉴로 표시됩니다.
RS010,간식 코너,소떡소떡,간식,5000,점심–저녁,No,No,4.6,짧은 휴식 시간에 먹기 좋은 휴게소 간식 메뉴입니다.
RS010,간식 코너,핫바 꼬치,간식,4500,아침–저녁,No,No,4.7,짧은 휴식 시간에 먹기 좋은 휴게소 간식 메뉴입니다.
RS010,카페·디저트,아메리카노,음료,4000,상시 판매,No,No,4.8,운전 중 졸음을 깨거나 휴식을 돕는 기본 음료 메뉴입니다.
RS011,한식 푸드코트,대전 얼큰 순두부찌개,한식,10500,아침–저녁,Yes,Yes,3.8,든든한 식사를 원하는 운전자에게 맞춘 기본 한식 메뉴입니다. 해당 휴게소에서 특히 강조되는 시그니처 메뉴로 분리해 보여줍니다.
RS011,면요리 코너,기차역 우동,면요리,9000,점심–저녁,No,Yes,3.9,빠르게 먹기 좋고 이동 중 부담이 적은 따뜻한 면 메뉴입니다. 대시보드 추천 메뉴로 표시됩니다.
RS011,한식 푸드코트,직화 제육덮밥,한식,11500,아침–저녁,No,No,4.0,든든한 식사를 원하는 운전자에게 맞춘 기본 한식 메뉴입니다.
RS011,카페·디저트,호떡 디저트 세트,디저트,7000,상시 판매,No,No,4.1,식사 후 가볍게 즐기기 좋은 달콤한 메뉴입니다.
RS011,한식 푸드코트,소불고기덮밥,한식,11500,아침–저녁,No,Yes,4.2,든든한 식사를 원하는 운전자에게 맞춘 기본 한식 메뉴입니다. 대시보드 추천 메뉴로 표시됩니다.
RS011,한식 푸드코트,김치찌개 정식,한식,10500,점심–저녁,No,No,4.3,든든한 식사를 원하는 운전자에게 맞춘 기본 한식 메뉴입니다.
RS011,면요리 코너,우동,면요리,8000,아침–저녁,No,No,4.4,빠르게 먹기 좋고 이동 중 부담이 적은 따뜻한 면 메뉴입니다.
RS011,면요리 코너,얼큰 라면,면요리,6500,점심–저녁,No,No,4.5,빠르게 먹기 좋고 이동 중 부담이 적은 따뜻한 면 메뉴입니다.
RS011,면요리 코너,잔치국수,면요리,8500,아침–저녁,No,Yes,4.6,빠르게 먹기 좋고 이동 중 부담이 적은 따뜻한 면 메뉴입니다. 대시보드 추천 메뉴로 표시됩니다.
RS011,간식 코너,소떡소떡,간식,5500,점심–저녁,No,No,4.7,짧은 휴식 시간에 먹기 좋은 휴게소 간식 메뉴입니다.
RS011,간식 코너,핫바 꼬치,간식,5000,아침–저녁,No,No,4.8,짧은 휴식 시간에 먹기 좋은 휴게소 간식 메뉴입니다.
RS011,카페·디저트,아메리카노,음료,4500,상시 판매,No,No,4.9,운전 중 졸음을 깨거나 휴식을 돕는 기본 음료 메뉴입니다.
RS012,한식 푸드코트,알밤 불고기덮밥,지역 대표 메뉴,12000,아침–저녁,Yes,Yes,3.9,이 휴게소의 개성을 보여주는 지역형 대표 메뉴입니다. 해당 휴게소에서 특히 강조되는 시그니처 메뉴로 분리해 보여줍니다.
RS012,카페·디저트,천안 호두과자 세트,디저트,6500,상시 판매,No,Yes,4.0,식사 후 가볍게 즐기기 좋은 달콤한 메뉴입니다. 대시보드 추천 메뉴로 표시됩니다.
RS012,면요리 코너,대천 해물라면,면요리,8500,아침–저녁,No,No,4.1,빠르게 먹기 좋고 이동 중 부담이 적은 따뜻한 면 메뉴입니다.
RS012,면요리 코너,금강 어묵국수,면요리,9000,점심–저녁,No,No,4.2,빠르게 먹기 좋고 이동 중 부담이 적은 따뜻한 면 메뉴입니다.
RS012,한식 푸드코트,소불고기덮밥,한식,10500,아침–저녁,No,Yes,4.3,든든한 식사를 원하는 운전자에게 맞춘 기본 한식 메뉴입니다. 대시보드 추천 메뉴로 표시됩니다.
RS012,한식 푸드코트,김치찌개 정식,한식,9500,점심–저녁,No,No,4.4,든든한 식사를 원하는 운전자에게 맞춘 기본 한식 메뉴입니다.
RS012,면요리 코너,우동,면요리,7000,아침–저녁,No,No,4.5,빠르게 먹기 좋고 이동 중 부담이 적은 따뜻한 면 메뉴입니다.
RS012,면요리 코너,얼큰 라면,면요리,5500,점심–저녁,No,No,4.6,빠르게 먹기 좋고 이동 중 부담이 적은 따뜻한 면 메뉴입니다.
RS012,면요리 코너,잔치국수,면요리,7500,아침–저녁,No,Yes,4.7,빠르게 먹기 좋고 이동 중 부담이 적은 따뜻한 면 메뉴입니다. 대시보드 추천 메뉴로 표시됩니다.
RS012,간식 코너,소떡소떡,간식,4500,점심–저녁,No,No,4.8,짧은 휴식 시간에 먹기 좋은 휴게소 간식 메뉴입니다.
RS012,간식 코너,핫바 꼬치,간식,4000,아침–저녁,No,No,4.9,짧은 휴식 시간에 먹기 좋은 휴게소 간식 메뉴입니다.
RS012,카페·디저트,아메리카노,음료,3500,상시 판매,No,No,3.8,운전 중 졸음을 깨거나 휴식을 돕는 기본 음료 메뉴입니다.
RS013,한식 푸드코트,알밤 불고기덮밥,지역 대표 메뉴,12500,아침–저녁,Yes,Yes,4.0,이 휴게소의 개성을 보여주는 지역형 대표 메뉴입니다. 해당 휴게소에서 특히 강조되는 시그니처 메뉴로 분리해 보여줍니다.
RS013,카페·디저트,천안 호두과자 세트,디저트,7000,상시 판매,No,Yes,4.1,식사 후 가볍게 즐기기 좋은 달콤한 메뉴입니다. 대시보드 추천 메뉴로 표시됩니다.
RS013,면요리 코너,대천 해물라면,면요리,9000,아침–저녁,No,No,4.2,빠르게 먹기 좋고 이동 중 부담이 적은 따뜻한 면 메뉴입니다.
RS013,면요리 코너,금강 어묵국수,면요리,9500,점심–저녁,No,No,4.3,빠르게 먹기 좋고 이동 중 부담이 적은 따뜻한 면 메뉴입니다.
RS013,한식 푸드코트,소불고기덮밥,한식,11000,아침–저녁,No,Yes,4.4,든든한 식사를 원하는 운전자에게 맞춘 기본 한식 메뉴입니다. 대시보드 추천 메뉴로 표시됩니다.
RS013,한식 푸드코트,김치찌개 정식,한식,10000,점심–저녁,No,No,4.5,든든한 식사를 원하는 운전자에게 맞춘 기본 한식 메뉴입니다.
RS013,면요리 코너,우동,면요리,7500,아침–저녁,No,No,4.6,빠르게 먹기 좋고 이동 중 부담이 적은 따뜻한 면 메뉴입니다.
RS013,면요리 코너,얼큰 라면,면요리,6000,점심–저녁,No,No,4.7,빠르게 먹기 좋고 이동 중 부담이 적은 따뜻한 면 메뉴입니다.
RS013,면요리 코너,잔치국수,면요리,8000,아침–저녁,No,Yes,4.8,빠르게 먹기 좋고 이동 중 부담이 적은 따뜻한 면 메뉴입니다. 대시보드 추천 메뉴로 표시됩니다.
RS013,간식 코너,소떡소떡,간식,5000,점심–저녁,No,No,4.9,짧은 휴식 시간에 먹기 좋은 휴게소 간식 메뉴입니다.
RS013,간식 코너,핫바 꼬치,간식,4500,아침–저녁,No,No,3.8,짧은 휴식 시간에 먹기 좋은 휴게소 간식 메뉴입니다.
RS013,카페·디저트,아메리카노,음료,4000,상시 판매,No,No,3.9,운전 중 졸음을 깨거나 휴식을 돕는 기본 음료 메뉴입니다.
RS014,한식 푸드코트,돼지국밥,지역 대표 메뉴,11500,아침–저녁,Yes,Yes,4.1,이 휴게소의 개성을 보여주는 지역형 대표 메뉴입니다. 해당 휴게소에서 특히 강조되는 시그니처 메뉴로 분리해 보여줍니다.
RS014,한식 푸드코트,대구식 육개장,한식,12000,점심–저녁,No,Yes,4.2,든든한 식사를 원하는 운전자에게 맞춘 기본 한식 메뉴입니다. 대시보드 추천 메뉴로 표시됩니다.
RS014,한식 푸드코트,경주 보리비빔밥,지역 대표 메뉴,12500,아침–저녁,No,No,4.3,이 휴게소의 개성을 보여주는 지역형 대표 메뉴입니다.
RS014,한식 푸드코트,밀양 돈가스,한식·양식,12500,점심–저녁,No,No,4.4,휴게소에서 익숙하게 즐길 수 있는 식사형 메뉴입니다.
RS014,한식 푸드코트,소불고기덮밥,한식,11500,아침–저녁,No,Yes,4.5,든든한 식사를 원하는 운전자에게 맞춘 기본 한식 메뉴입니다. 대시보드 추천 메뉴로 표시됩니다.
RS014,한식 푸드코트,김치찌개 정식,한식,10500,점심–저녁,No,No,4.6,든든한 식사를 원하는 운전자에게 맞춘 기본 한식 메뉴입니다.
RS014,면요리 코너,우동,면요리,8000,아침–저녁,No,No,4.7,빠르게 먹기 좋고 이동 중 부담이 적은 따뜻한 면 메뉴입니다.
RS014,면요리 코너,얼큰 라면,면요리,6500,점심–저녁,No,No,4.8,빠르게 먹기 좋고 이동 중 부담이 적은 따뜻한 면 메뉴입니다.
RS014,면요리 코너,잔치국수,면요리,8500,아침–저녁,No,Yes,4.9,빠르게 먹기 좋고 이동 중 부담이 적은 따뜻한 면 메뉴입니다. 대시보드 추천 메뉴로 표시됩니다.
RS014,간식 코너,소떡소떡,간식,5500,점심–저녁,No,No,3.8,짧은 휴식 시간에 먹기 좋은 휴게소 간식 메뉴입니다.
RS014,간식 코너,핫바 꼬치,간식,5000,아침–저녁,No,No,3.9,짧은 휴식 시간에 먹기 좋은 휴게소 간식 메뉴입니다.
RS014,카페·디저트,아메리카노,음료,4500,상시 판매,No,No,4.0,운전 중 졸음을 깨거나 휴식을 돕는 기본 음료 메뉴입니다.
RS015,한식 푸드코트,알밤 불고기덮밥,지역 대표 메뉴,12000,아침–저녁,Yes,Yes,4.2,이 휴게소의 개성을 보여주는 지역형 대표 메뉴입니다. 해당 휴게소에서 특히 강조되는 시그니처 메뉴로 분리해 보여줍니다.
RS015,카페·디저트,천안 호두과자 세트,디저트,6500,상시 판매,No,Yes,4.3,식사 후 가볍게 즐기기 좋은 달콤한 메뉴입니다. 대시보드 추천 메뉴로 표시됩니다.
RS015,면요리 코너,대천 해물라면,면요리,8500,아침–저녁,No,No,4.4,빠르게 먹기 좋고 이동 중 부담이 적은 따뜻한 면 메뉴입니다.
RS015,면요리 코너,금강 어묵국수,면요리,9000,점심–저녁,No,No,4.5,빠르게 먹기 좋고 이동 중 부담이 적은 따뜻한 면 메뉴입니다.
RS015,한식 푸드코트,소불고기덮밥,한식,10500,아침–저녁,No,Yes,4.6,든든한 식사를 원하는 운전자에게 맞춘 기본 한식 메뉴입니다. 대시보드 추천 메뉴로 표시됩니다.
RS015,한식 푸드코트,김치찌개 정식,한식,9500,점심–저녁,No,No,4.7,든든한 식사를 원하는 운전자에게 맞춘 기본 한식 메뉴입니다.
RS015,면요리 코너,우동,면요리,7000,아침–저녁,No,No,4.8,빠르게 먹기 좋고 이동 중 부담이 적은 따뜻한 면 메뉴입니다.
RS015,면요리 코너,얼큰 라면,면요리,5500,점심–저녁,No,No,4.9,빠르게 먹기 좋고 이동 중 부담이 적은 따뜻한 면 메뉴입니다.
RS015,면요리 코너,잔치국수,면요리,7500,아침–저녁,No,Yes,3.8,빠르게 먹기 좋고 이동 중 부담이 적은 따뜻한 면 메뉴입니다. 대시보드 추천 메뉴로 표시됩니다.
RS015,간식 코너,소떡소떡,간식,4500,점심–저녁,No,No,3.9,짧은 휴식 시간에 먹기 좋은 휴게소 간식 메뉴입니다.
RS015,간식 코너,핫바 꼬치,간식,4000,아침–저녁,No,No,4.0,짧은 휴식 시간에 먹기 좋은 휴게소 간식 메뉴입니다.
RS015,카페·디저트,아메리카노,음료,3500,상시 판매,No,No,4.1,운전 중 졸음을 깨거나 휴식을 돕는 기본 음료 메뉴입니다.
RS016,한식 푸드코트,돼지국밥,지역 대표 메뉴,11000,아침–저녁,Yes,Yes,4.3,이 휴게소의 개성을 보여주는 지역형 대표 메뉴입니다. 해당 휴게소에서 특히 강조되는 시그니처 메뉴로 분리해 보여줍니다.
RS016,한식 푸드코트,대구식 육개장,한식,11500,점심–저녁,No,Yes,4.4,든든한 식사를 원하는 운전자에게 맞춘 기본 한식 메뉴입니다. 대시보드 추천 메뉴로 표시됩니다.
RS016,한식 푸드코트,경주 보리비빔밥,지역 대표 메뉴,12000,아침–저녁,No,No,4.5,이 휴게소의 개성을 보여주는 지역형 대표 메뉴입니다.
RS016,한식 푸드코트,밀양 돈가스,한식·양식,12000,점심–저녁,No,No,4.6,휴게소에서 익숙하게 즐길 수 있는 식사형 메뉴입니다.
RS016,한식 푸드코트,소불고기덮밥,한식,11000,아침–저녁,No,Yes,4.7,든든한 식사를 원하는 운전자에게 맞춘 기본 한식 메뉴입니다. 대시보드 추천 메뉴로 표시됩니다.
RS016,한식 푸드코트,김치찌개 정식,한식,10000,점심–저녁,No,No,4.8,든든한 식사를 원하는 운전자에게 맞춘 기본 한식 메뉴입니다.
RS016,면요리 코너,우동,면요리,7500,아침–저녁,No,No,4.9,빠르게 먹기 좋고 이동 중 부담이 적은 따뜻한 면 메뉴입니다.
RS016,면요리 코너,얼큰 라면,면요리,6000,점심–저녁,No,No,3.8,빠르게 먹기 좋고 이동 중 부담이 적은 따뜻한 면 메뉴입니다.
RS016,면요리 코너,잔치국수,면요리,8000,아침–저녁,No,Yes,3.9,빠르게 먹기 좋고 이동 중 부담이 적은 따뜻한 면 메뉴입니다. 대시보드 추천 메뉴로 표시됩니다.
RS016,간식 코너,소떡소떡,간식,5000,점심–저녁,No,No,4.0,짧은 휴식 시간에 먹기 좋은 휴게소 간식 메뉴입니다.
RS016,간식 코너,핫바 꼬치,간식,4500,아침–저녁,No,No,4.1,짧은 휴식 시간에 먹기 좋은 휴게소 간식 메뉴입니다.
RS016,카페·디저트,아메리카노,음료,4000,상시 판매,No,No,4.2,운전 중 졸음을 깨거나 휴식을 돕는 기본 음료 메뉴입니다.
RS017,한식 푸드코트,돼지국밥,지역 대표 메뉴,11500,아침–저녁,Yes,Yes,4.4,이 휴게소의 개성을 보여주는 지역형 대표 메뉴입니다. 해당 휴게소에서 특히 강조되는 시그니처 메뉴로 분리해 보여줍니다.
RS017,한식 푸드코트,대구식 육개장,한식,12000,점심–저녁,No,Yes,4.5,든든한 식사를 원하는 운전자에게 맞춘 기본 한식 메뉴입니다. 대시보드 추천 메뉴로 표시됩니다.
RS017,한식 푸드코트,경주 보리비빔밥,지역 대표 메뉴,12500,아침–저녁,No,No,4.6,이 휴게소의 개성을 보여주는 지역형 대표 메뉴입니다.
RS017,한식 푸드코트,밀양 돈가스,한식·양식,12500,점심–저녁,No,No,4.7,휴게소에서 익숙하게 즐길 수 있는 식사형 메뉴입니다.
RS017,한식 푸드코트,소불고기덮밥,한식,11500,아침–저녁,No,Yes,4.8,든든한 식사를 원하는 운전자에게 맞춘 기본 한식 메뉴입니다. 대시보드 추천 메뉴로 표시됩니다.
RS017,한식 푸드코트,김치찌개 정식,한식,10500,점심–저녁,No,No,4.9,든든한 식사를 원하는 운전자에게 맞춘 기본 한식 메뉴입니다.
RS017,면요리 코너,우동,면요리,8000,아침–저녁,No,No,3.8,빠르게 먹기 좋고 이동 중 부담이 적은 따뜻한 면 메뉴입니다.
RS017,면요리 코너,얼큰 라면,면요리,6500,점심–저녁,No,No,3.9,빠르게 먹기 좋고 이동 중 부담이 적은 따뜻한 면 메뉴입니다.
RS017,면요리 코너,잔치국수,면요리,8500,아침–저녁,No,Yes,4.0,빠르게 먹기 좋고 이동 중 부담이 적은 따뜻한 면 메뉴입니다. 대시보드 추천 메뉴로 표시됩니다.
RS017,간식 코너,소떡소떡,간식,5500,점심–저녁,No,No,4.1,짧은 휴식 시간에 먹기 좋은 휴게소 간식 메뉴입니다.
RS017,간식 코너,핫바 꼬치,간식,5000,아침–저녁,No,No,4.2,짧은 휴식 시간에 먹기 좋은 휴게소 간식 메뉴입니다.
RS017,카페·디저트,아메리카노,음료,4500,상시 판매,No,No,4.3,운전 중 졸음을 깨거나 휴식을 돕는 기본 음료 메뉴입니다.
RS018,한식 푸드코트,돼지국밥,지역 대표 메뉴,10500,아침–저녁,Yes,Yes,4.5,이 휴게소의 개성을 보여주는 지역형 대표 메뉴입니다. 해당 휴게소에서 특히 강조되는 시그니처 메뉴로 분리해 보여줍니다.
RS018,한식 푸드코트,대구식 육개장,한식,11000,점심–저녁,No,Yes,4.6,든든한 식사를 원하는 운전자에게 맞춘 기본 한식 메뉴입니다. 대시보드 추천 메뉴로 표시됩니다.
RS018,한식 푸드코트,경주 보리비빔밥,지역 대표 메뉴,11500,아침–저녁,No,No,4.7,이 휴게소의 개성을 보여주는 지역형 대표 메뉴입니다.
RS018,한식 푸드코트,밀양 돈가스,한식·양식,11500,점심–저녁,No,No,4.8,휴게소에서 익숙하게 즐길 수 있는 식사형 메뉴입니다.
RS018,한식 푸드코트,소불고기덮밥,한식,10500,아침–저녁,No,Yes,4.9,든든한 식사를 원하는 운전자에게 맞춘 기본 한식 메뉴입니다. 대시보드 추천 메뉴로 표시됩니다.
RS018,한식 푸드코트,김치찌개 정식,한식,9500,점심–저녁,No,No,3.8,든든한 식사를 원하는 운전자에게 맞춘 기본 한식 메뉴입니다.
RS018,면요리 코너,우동,면요리,7000,아침–저녁,No,No,3.9,빠르게 먹기 좋고 이동 중 부담이 적은 따뜻한 면 메뉴입니다.
RS018,면요리 코너,얼큰 라면,면요리,5500,점심–저녁,No,No,4.0,빠르게 먹기 좋고 이동 중 부담이 적은 따뜻한 면 메뉴입니다.
RS018,면요리 코너,잔치국수,면요리,7500,아침–저녁,No,Yes,4.1,빠르게 먹기 좋고 이동 중 부담이 적은 따뜻한 면 메뉴입니다. 대시보드 추천 메뉴로 표시됩니다.
RS018,간식 코너,소떡소떡,간식,4500,점심–저녁,No,No,4.2,짧은 휴식 시간에 먹기 좋은 휴게소 간식 메뉴입니다.
RS018,간식 코너,핫바 꼬치,간식,4000,아침–저녁,No,No,4.3,짧은 휴식 시간에 먹기 좋은 휴게소 간식 메뉴입니다.
RS018,카페·디저트,아메리카노,음료,3500,상시 판매,No,No,4.4,운전 중 졸음을 깨거나 휴식을 돕는 기본 음료 메뉴입니다.
RS019,한식 푸드코트,돼지국밥,지역 대표 메뉴,11000,아침–저녁,Yes,Yes,4.6,이 휴게소의 개성을 보여주는 지역형 대표 메뉴입니다. 해당 휴게소에서 특히 강조되는 시그니처 메뉴로 분리해 보여줍니다.
RS019,한식 푸드코트,대구식 육개장,한식,11500,점심–저녁,No,Yes,4.7,든든한 식사를 원하는 운전자에게 맞춘 기본 한식 메뉴입니다. 대시보드 추천 메뉴로 표시됩니다.
RS019,한식 푸드코트,경주 보리비빔밥,지역 대표 메뉴,12000,아침–저녁,No,No,4.8,이 휴게소의 개성을 보여주는 지역형 대표 메뉴입니다.
RS019,한식 푸드코트,밀양 돈가스,한식·양식,12000,점심–저녁,No,No,4.9,휴게소에서 익숙하게 즐길 수 있는 식사형 메뉴입니다.
RS019,한식 푸드코트,소불고기덮밥,한식,11000,아침–저녁,No,Yes,3.8,든든한 식사를 원하는 운전자에게 맞춘 기본 한식 메뉴입니다. 대시보드 추천 메뉴로 표시됩니다.
RS019,한식 푸드코트,김치찌개 정식,한식,10000,점심–저녁,No,No,3.9,든든한 식사를 원하는 운전자에게 맞춘 기본 한식 메뉴입니다.
RS019,면요리 코너,우동,면요리,7500,아침–저녁,No,No,4.0,빠르게 먹기 좋고 이동 중 부담이 적은 따뜻한 면 메뉴입니다.
RS019,면요리 코너,얼큰 라면,면요리,6000,점심–저녁,No,No,4.1,빠르게 먹기 좋고 이동 중 부담이 적은 따뜻한 면 메뉴입니다.
RS019,면요리 코너,잔치국수,면요리,8000,아침–저녁,No,Yes,4.2,빠르게 먹기 좋고 이동 중 부담이 적은 따뜻한 면 메뉴입니다. 대시보드 추천 메뉴로 표시됩니다.
RS019,간식 코너,소떡소떡,간식,5000,점심–저녁,No,No,4.3,짧은 휴식 시간에 먹기 좋은 휴게소 간식 메뉴입니다.
RS019,간식 코너,핫바 꼬치,간식,4500,아침–저녁,No,No,4.4,짧은 휴식 시간에 먹기 좋은 휴게소 간식 메뉴입니다.
RS019,카페·디저트,아메리카노,음료,4000,상시 판매,No,No,4.5,운전 중 졸음을 깨거나 휴식을 돕는 기본 음료 메뉴입니다.
RS020,한식 푸드코트,돼지국밥,지역 대표 메뉴,11500,아침–저녁,Yes,Yes,4.7,이 휴게소의 개성을 보여주는 지역형 대표 메뉴입니다. 해당 휴게소에서 특히 강조되는 시그니처 메뉴로 분리해 보여줍니다.
RS020,한식 푸드코트,대구식 육개장,한식,12000,점심–저녁,No,Yes,4.8,든든한 식사를 원하는 운전자에게 맞춘 기본 한식 메뉴입니다. 대시보드 추천 메뉴로 표시됩니다.
RS020,한식 푸드코트,경주 보리비빔밥,지역 대표 메뉴,12500,아침–저녁,No,No,4.9,이 휴게소의 개성을 보여주는 지역형 대표 메뉴입니다.
RS020,한식 푸드코트,밀양 돈가스,한식·양식,12500,점심–저녁,No,No,3.8,휴게소에서 익숙하게 즐길 수 있는 식사형 메뉴입니다.
RS020,한식 푸드코트,소불고기덮밥,한식,11500,아침–저녁,No,Yes,3.9,든든한 식사를 원하는 운전자에게 맞춘 기본 한식 메뉴입니다. 대시보드 추천 메뉴로 표시됩니다.
RS020,한식 푸드코트,김치찌개 정식,한식,10500,점심–저녁,No,No,4.0,든든한 식사를 원하는 운전자에게 맞춘 기본 한식 메뉴입니다.
RS020,면요리 코너,우동,면요리,8000,아침–저녁,No,No,4.1,빠르게 먹기 좋고 이동 중 부담이 적은 따뜻한 면 메뉴입니다.
RS020,면요리 코너,얼큰 라면,면요리,6500,점심–저녁,No,No,4.2,빠르게 먹기 좋고 이동 중 부담이 적은 따뜻한 면 메뉴입니다.
RS020,면요리 코너,잔치국수,면요리,8500,아침–저녁,No,Yes,4.3,빠르게 먹기 좋고 이동 중 부담이 적은 따뜻한 면 메뉴입니다. 대시보드 추천 메뉴로 표시됩니다.
RS020,간식 코너,소떡소떡,간식,5500,점심–저녁,No,No,4.4,짧은 휴식 시간에 먹기 좋은 휴게소 간식 메뉴입니다.
RS020,간식 코너,핫바 꼬치,간식,5000,아침–저녁,No,No,4.5,짧은 휴식 시간에 먹기 좋은 휴게소 간식 메뉴입니다.
RS020,카페·디저트,아메리카노,음료,4500,상시 판매,No,No,4.6,운전 중 졸음을 깨거나 휴식을 돕는 기본 음료 메뉴입니다.
RS021,한식 푸드코트,프리미엄 돈가스 정식,한식·양식,12000,아침–저녁,Yes,Yes,4.8,휴게소에서 익숙하게 즐길 수 있는 식사형 메뉴입니다. 해당 휴게소에서 특히 강조되는 시그니처 메뉴로 분리해 보여줍니다.
RS021,한식 푸드코트,서울식 불고기덮밥,한식,11500,점심–저녁,No,Yes,4.9,든든한 식사를 원하는 운전자에게 맞춘 기본 한식 메뉴입니다. 대시보드 추천 메뉴로 표시됩니다.
RS021,한식 푸드코트,고속도로 아침 정식,한식,8500,아침–저녁,No,No,3.8,든든한 식사를 원하는 운전자에게 맞춘 기본 한식 메뉴입니다.
RS021,간식 코너,패밀리 간식 세트,간식,9000,점심–저녁,No,No,3.9,짧은 휴식 시간에 먹기 좋은 휴게소 간식 메뉴입니다.
RS021,한식 푸드코트,소불고기덮밥,한식,10500,아침–저녁,No,Yes,4.0,든든한 식사를 원하는 운전자에게 맞춘 기본 한식 메뉴입니다. 대시보드 추천 메뉴로 표시됩니다.
RS021,한식 푸드코트,김치찌개 정식,한식,9500,점심–저녁,No,No,4.1,든든한 식사를 원하는 운전자에게 맞춘 기본 한식 메뉴입니다.
RS021,면요리 코너,우동,면요리,7000,아침–저녁,No,No,4.2,빠르게 먹기 좋고 이동 중 부담이 적은 따뜻한 면 메뉴입니다.
RS021,면요리 코너,얼큰 라면,면요리,5500,점심–저녁,No,No,4.3,빠르게 먹기 좋고 이동 중 부담이 적은 따뜻한 면 메뉴입니다.
RS021,면요리 코너,잔치국수,면요리,7500,아침–저녁,No,Yes,4.4,빠르게 먹기 좋고 이동 중 부담이 적은 따뜻한 면 메뉴입니다. 대시보드 추천 메뉴로 표시됩니다.
RS021,간식 코너,소떡소떡,간식,4500,점심–저녁,No,No,4.5,짧은 휴식 시간에 먹기 좋은 휴게소 간식 메뉴입니다.
RS021,간식 코너,핫바 꼬치,간식,4000,아침–저녁,No,No,4.6,짧은 휴식 시간에 먹기 좋은 휴게소 간식 메뉴입니다.
RS021,카페·디저트,아메리카노,음료,3500,상시 판매,No,No,4.7,운전 중 졸음을 깨거나 휴식을 돕는 기본 음료 메뉴입니다.
RS022,한식 푸드코트,프리미엄 돈가스 정식,한식·양식,12500,아침–저녁,Yes,Yes,4.9,휴게소에서 익숙하게 즐길 수 있는 식사형 메뉴입니다. 해당 휴게소에서 특히 강조되는 시그니처 메뉴로 분리해 보여줍니다.
RS022,한식 푸드코트,서울식 불고기덮밥,한식,12000,점심–저녁,No,Yes,3.8,든든한 식사를 원하는 운전자에게 맞춘 기본 한식 메뉴입니다. 대시보드 추천 메뉴로 표시됩니다.
RS022,한식 푸드코트,고속도로 아침 정식,한식,9000,아침–저녁,No,No,3.9,든든한 식사를 원하는 운전자에게 맞춘 기본 한식 메뉴입니다.
RS022,간식 코너,패밀리 간식 세트,간식,9500,점심–저녁,No,No,4.0,짧은 휴식 시간에 먹기 좋은 휴게소 간식 메뉴입니다.
RS022,한식 푸드코트,소불고기덮밥,한식,11000,아침–저녁,No,Yes,4.1,든든한 식사를 원하는 운전자에게 맞춘 기본 한식 메뉴입니다. 대시보드 추천 메뉴로 표시됩니다.
RS022,한식 푸드코트,김치찌개 정식,한식,10000,점심–저녁,No,No,4.2,든든한 식사를 원하는 운전자에게 맞춘 기본 한식 메뉴입니다.
RS022,면요리 코너,우동,면요리,7500,아침–저녁,No,No,4.3,빠르게 먹기 좋고 이동 중 부담이 적은 따뜻한 면 메뉴입니다.
RS022,면요리 코너,얼큰 라면,면요리,6000,점심–저녁,No,No,4.4,빠르게 먹기 좋고 이동 중 부담이 적은 따뜻한 면 메뉴입니다.
RS022,면요리 코너,잔치국수,면요리,8000,아침–저녁,No,Yes,4.5,빠르게 먹기 좋고 이동 중 부담이 적은 따뜻한 면 메뉴입니다. 대시보드 추천 메뉴로 표시됩니다.
RS022,간식 코너,소떡소떡,간식,5000,점심–저녁,No,No,4.6,짧은 휴식 시간에 먹기 좋은 휴게소 간식 메뉴입니다.
RS022,간식 코너,핫바 꼬치,간식,4500,아침–저녁,No,No,4.7,짧은 휴식 시간에 먹기 좋은 휴게소 간식 메뉴입니다.
RS022,카페·디저트,아메리카노,음료,4000,상시 판매,No,No,4.8,운전 중 졸음을 깨거나 휴식을 돕는 기본 음료 메뉴입니다.
RS023,한식 푸드코트,알밤 불고기덮밥,지역 대표 메뉴,13000,아침–저녁,Yes,Yes,3.8,이 휴게소의 개성을 보여주는 지역형 대표 메뉴입니다. 해당 휴게소에서 특히 강조되는 시그니처 메뉴로 분리해 보여줍니다.
RS023,카페·디저트,천안 호두과자 세트,디저트,7500,상시 판매,No,Yes,3.9,식사 후 가볍게 즐기기 좋은 달콤한 메뉴입니다. 대시보드 추천 메뉴로 표시됩니다.
RS023,면요리 코너,대천 해물라면,면요리,9500,아침–저녁,No,No,4.0,빠르게 먹기 좋고 이동 중 부담이 적은 따뜻한 면 메뉴입니다.
RS023,면요리 코너,금강 어묵국수,면요리,10000,점심–저녁,No,No,4.1,빠르게 먹기 좋고 이동 중 부담이 적은 따뜻한 면 메뉴입니다.
RS023,한식 푸드코트,소불고기덮밥,한식,11500,아침–저녁,No,Yes,4.2,든든한 식사를 원하는 운전자에게 맞춘 기본 한식 메뉴입니다. 대시보드 추천 메뉴로 표시됩니다.
RS023,한식 푸드코트,김치찌개 정식,한식,10500,점심–저녁,No,No,4.3,든든한 식사를 원하는 운전자에게 맞춘 기본 한식 메뉴입니다.
RS023,면요리 코너,우동,면요리,8000,아침–저녁,No,No,4.4,빠르게 먹기 좋고 이동 중 부담이 적은 따뜻한 면 메뉴입니다.
RS023,면요리 코너,얼큰 라면,면요리,6500,점심–저녁,No,No,4.5,빠르게 먹기 좋고 이동 중 부담이 적은 따뜻한 면 메뉴입니다.
RS023,면요리 코너,잔치국수,면요리,8500,아침–저녁,No,Yes,4.6,빠르게 먹기 좋고 이동 중 부담이 적은 따뜻한 면 메뉴입니다. 대시보드 추천 메뉴로 표시됩니다.
RS023,간식 코너,소떡소떡,간식,5500,점심–저녁,No,No,4.7,짧은 휴식 시간에 먹기 좋은 휴게소 간식 메뉴입니다.
RS023,간식 코너,핫바 꼬치,간식,5000,아침–저녁,No,No,4.8,짧은 휴식 시간에 먹기 좋은 휴게소 간식 메뉴입니다.
RS023,카페·디저트,아메리카노,음료,4500,상시 판매,No,No,4.9,운전 중 졸음을 깨거나 휴식을 돕는 기본 음료 메뉴입니다.
RS024,한식 푸드코트,알밤 불고기덮밥,지역 대표 메뉴,12000,아침–저녁,Yes,Yes,3.9,이 휴게소의 개성을 보여주는 지역형 대표 메뉴입니다. 해당 휴게소에서 특히 강조되는 시그니처 메뉴로 분리해 보여줍니다.
RS024,카페·디저트,천안 호두과자 세트,디저트,6500,상시 판매,No,Yes,4.0,식사 후 가볍게 즐기기 좋은 달콤한 메뉴입니다. 대시보드 추천 메뉴로 표시됩니다.
RS024,면요리 코너,대천 해물라면,면요리,8500,아침–저녁,No,No,4.1,빠르게 먹기 좋고 이동 중 부담이 적은 따뜻한 면 메뉴입니다.
RS024,면요리 코너,금강 어묵국수,면요리,9000,점심–저녁,No,No,4.2,빠르게 먹기 좋고 이동 중 부담이 적은 따뜻한 면 메뉴입니다.
RS024,한식 푸드코트,소불고기덮밥,한식,10500,아침–저녁,No,Yes,4.3,든든한 식사를 원하는 운전자에게 맞춘 기본 한식 메뉴입니다. 대시보드 추천 메뉴로 표시됩니다.
RS024,한식 푸드코트,김치찌개 정식,한식,9500,점심–저녁,No,No,4.4,든든한 식사를 원하는 운전자에게 맞춘 기본 한식 메뉴입니다.
RS024,면요리 코너,우동,면요리,7000,아침–저녁,No,No,4.5,빠르게 먹기 좋고 이동 중 부담이 적은 따뜻한 면 메뉴입니다.
RS024,면요리 코너,얼큰 라면,면요리,5500,점심–저녁,No,No,4.6,빠르게 먹기 좋고 이동 중 부담이 적은 따뜻한 면 메뉴입니다.
RS024,면요리 코너,잔치국수,면요리,7500,아침–저녁,No,Yes,4.7,빠르게 먹기 좋고 이동 중 부담이 적은 따뜻한 면 메뉴입니다. 대시보드 추천 메뉴로 표시됩니다.
RS024,간식 코너,소떡소떡,간식,4500,점심–저녁,No,No,4.8,짧은 휴식 시간에 먹기 좋은 휴게소 간식 메뉴입니다.
RS024,간식 코너,핫바 꼬치,간식,4000,아침–저녁,No,No,4.9,짧은 휴식 시간에 먹기 좋은 휴게소 간식 메뉴입니다.
RS024,카페·디저트,아메리카노,음료,3500,상시 판매,No,No,3.8,운전 중 졸음을 깨거나 휴식을 돕는 기본 음료 메뉴입니다.
RS025,한식 푸드코트,알밤 불고기덮밥,지역 대표 메뉴,12500,아침–저녁,Yes,Yes,4.0,이 휴게소의 개성을 보여주는 지역형 대표 메뉴입니다. 해당 휴게소에서 특히 강조되는 시그니처 메뉴로 분리해 보여줍니다.
RS025,카페·디저트,천안 호두과자 세트,디저트,7000,상시 판매,No,Yes,4.1,식사 후 가볍게 즐기기 좋은 달콤한 메뉴입니다. 대시보드 추천 메뉴로 표시됩니다.
RS025,면요리 코너,대천 해물라면,면요리,9000,아침–저녁,No,No,4.2,빠르게 먹기 좋고 이동 중 부담이 적은 따뜻한 면 메뉴입니다.
RS025,면요리 코너,금강 어묵국수,면요리,9500,점심–저녁,No,No,4.3,빠르게 먹기 좋고 이동 중 부담이 적은 따뜻한 면 메뉴입니다.
RS025,한식 푸드코트,소불고기덮밥,한식,11000,아침–저녁,No,Yes,4.4,든든한 식사를 원하는 운전자에게 맞춘 기본 한식 메뉴입니다. 대시보드 추천 메뉴로 표시됩니다.
RS025,한식 푸드코트,김치찌개 정식,한식,10000,점심–저녁,No,No,4.5,든든한 식사를 원하는 운전자에게 맞춘 기본 한식 메뉴입니다.
RS025,면요리 코너,우동,면요리,7500,아침–저녁,No,No,4.6,빠르게 먹기 좋고 이동 중 부담이 적은 따뜻한 면 메뉴입니다.
RS025,면요리 코너,얼큰 라면,면요리,6000,점심–저녁,No,No,4.7,빠르게 먹기 좋고 이동 중 부담이 적은 따뜻한 면 메뉴입니다.
RS025,면요리 코너,잔치국수,면요리,8000,아침–저녁,No,Yes,4.8,빠르게 먹기 좋고 이동 중 부담이 적은 따뜻한 면 메뉴입니다. 대시보드 추천 메뉴로 표시됩니다.
RS025,간식 코너,소떡소떡,간식,5000,점심–저녁,No,No,4.9,짧은 휴식 시간에 먹기 좋은 휴게소 간식 메뉴입니다.
RS025,간식 코너,핫바 꼬치,간식,4500,아침–저녁,No,No,3.8,짧은 휴식 시간에 먹기 좋은 휴게소 간식 메뉴입니다.
RS025,카페·디저트,아메리카노,음료,4000,상시 판매,No,No,3.9,운전 중 졸음을 깨거나 휴식을 돕는 기본 음료 메뉴입니다.
RS026,한식 푸드코트,알밤 불고기덮밥,지역 대표 메뉴,13000,아침–저녁,Yes,Yes,4.1,이 휴게소의 개성을 보여주는 지역형 대표 메뉴입니다. 해당 휴게소에서 특히 강조되는 시그니처 메뉴로 분리해 보여줍니다.
RS026,카페·디저트,천안 호두과자 세트,디저트,7500,상시 판매,No,Yes,4.2,식사 후 가볍게 즐기기 좋은 달콤한 메뉴입니다. 대시보드 추천 메뉴로 표시됩니다.
RS026,면요리 코너,대천 해물라면,면요리,9500,아침–저녁,No,No,4.3,빠르게 먹기 좋고 이동 중 부담이 적은 따뜻한 면 메뉴입니다.
RS026,면요리 코너,금강 어묵국수,면요리,10000,점심–저녁,No,No,4.4,빠르게 먹기 좋고 이동 중 부담이 적은 따뜻한 면 메뉴입니다.
RS026,한식 푸드코트,소불고기덮밥,한식,11500,아침–저녁,No,Yes,4.5,든든한 식사를 원하는 운전자에게 맞춘 기본 한식 메뉴입니다. 대시보드 추천 메뉴로 표시됩니다.
RS026,한식 푸드코트,김치찌개 정식,한식,10500,점심–저녁,No,No,4.6,든든한 식사를 원하는 운전자에게 맞춘 기본 한식 메뉴입니다.
RS026,면요리 코너,우동,면요리,8000,아침–저녁,No,No,4.7,빠르게 먹기 좋고 이동 중 부담이 적은 따뜻한 면 메뉴입니다.
RS026,면요리 코너,얼큰 라면,면요리,6500,점심–저녁,No,No,4.8,빠르게 먹기 좋고 이동 중 부담이 적은 따뜻한 면 메뉴입니다.
RS026,면요리 코너,잔치국수,면요리,8500,아침–저녁,No,Yes,4.9,빠르게 먹기 좋고 이동 중 부담이 적은 따뜻한 면 메뉴입니다. 대시보드 추천 메뉴로 표시됩니다.
RS026,간식 코너,소떡소떡,간식,5500,점심–저녁,No,No,3.8,짧은 휴식 시간에 먹기 좋은 휴게소 간식 메뉴입니다.
RS026,간식 코너,핫바 꼬치,간식,5000,아침–저녁,No,No,3.9,짧은 휴식 시간에 먹기 좋은 휴게소 간식 메뉴입니다.
RS026,카페·디저트,아메리카노,음료,4500,상시 판매,No,No,4.0,운전 중 졸음을 깨거나 휴식을 돕는 기본 음료 메뉴입니다.
RS027,한식 푸드코트,알밤 불고기덮밥,지역 대표 메뉴,12000,아침–저녁,Yes,Yes,4.2,이 휴게소의 개성을 보여주는 지역형 대표 메뉴입니다. 해당 휴게소에서 특히 강조되는 시그니처 메뉴로 분리해 보여줍니다.
RS027,카페·디저트,천안 호두과자 세트,디저트,6500,상시 판매,No,Yes,4.3,식사 후 가볍게 즐기기 좋은 달콤한 메뉴입니다. 대시보드 추천 메뉴로 표시됩니다.
RS027,면요리 코너,대천 해물라면,면요리,8500,아침–저녁,No,No,4.4,빠르게 먹기 좋고 이동 중 부담이 적은 따뜻한 면 메뉴입니다.
RS027,면요리 코너,금강 어묵국수,면요리,9000,점심–저녁,No,No,4.5,빠르게 먹기 좋고 이동 중 부담이 적은 따뜻한 면 메뉴입니다.
RS027,한식 푸드코트,소불고기덮밥,한식,10500,아침–저녁,No,Yes,4.6,든든한 식사를 원하는 운전자에게 맞춘 기본 한식 메뉴입니다. 대시보드 추천 메뉴로 표시됩니다.
RS027,한식 푸드코트,김치찌개 정식,한식,9500,점심–저녁,No,No,4.7,든든한 식사를 원하는 운전자에게 맞춘 기본 한식 메뉴입니다.
RS027,면요리 코너,우동,면요리,7000,아침–저녁,No,No,4.8,빠르게 먹기 좋고 이동 중 부담이 적은 따뜻한 면 메뉴입니다.
RS027,면요리 코너,얼큰 라면,면요리,5500,점심–저녁,No,No,4.9,빠르게 먹기 좋고 이동 중 부담이 적은 따뜻한 면 메뉴입니다.
RS027,면요리 코너,잔치국수,면요리,7500,아침–저녁,No,Yes,3.8,빠르게 먹기 좋고 이동 중 부담이 적은 따뜻한 면 메뉴입니다. 대시보드 추천 메뉴로 표시됩니다.
RS027,간식 코너,소떡소떡,간식,4500,점심–저녁,No,No,3.9,짧은 휴식 시간에 먹기 좋은 휴게소 간식 메뉴입니다.
RS027,간식 코너,핫바 꼬치,간식,4000,아침–저녁,No,No,4.0,짧은 휴식 시간에 먹기 좋은 휴게소 간식 메뉴입니다.
RS027,카페·디저트,아메리카노,음료,3500,상시 판매,No,No,4.1,운전 중 졸음을 깨거나 휴식을 돕는 기본 음료 메뉴입니다.
RS028,한식 푸드코트,전주비빔밥 정식,지역 대표 메뉴,12500,아침–저녁,Yes,Yes,4.3,이 휴게소의 개성을 보여주는 지역형 대표 메뉴입니다. 해당 휴게소에서 특히 강조되는 시그니처 메뉴로 분리해 보여줍니다.
RS028,한식 푸드코트,고추장 제육덮밥,한식,11000,점심–저녁,No,Yes,4.4,든든한 식사를 원하는 운전자에게 맞춘 기본 한식 메뉴입니다. 대시보드 추천 메뉴로 표시됩니다.
RS028,한식 푸드코트,남도 떡갈비 정식,지역 대표 메뉴,13500,아침–저녁,No,No,4.5,이 휴게소의 개성을 보여주는 지역형 대표 메뉴입니다.
RS028,한식 푸드코트,계란 김치볶음밥,한식,9500,점심–저녁,No,No,4.6,든든한 식사를 원하는 운전자에게 맞춘 기본 한식 메뉴입니다.
RS028,한식 푸드코트,소불고기덮밥,한식,11000,아침–저녁,No,Yes,4.7,든든한 식사를 원하는 운전자에게 맞춘 기본 한식 메뉴입니다. 대시보드 추천 메뉴로 표시됩니다.
RS028,한식 푸드코트,김치찌개 정식,한식,10000,점심–저녁,No,No,4.8,든든한 식사를 원하는 운전자에게 맞춘 기본 한식 메뉴입니다.
RS028,면요리 코너,우동,면요리,7500,아침–저녁,No,No,4.9,빠르게 먹기 좋고 이동 중 부담이 적은 따뜻한 면 메뉴입니다.
RS028,면요리 코너,얼큰 라면,면요리,6000,점심–저녁,No,No,3.8,빠르게 먹기 좋고 이동 중 부담이 적은 따뜻한 면 메뉴입니다.
RS028,면요리 코너,잔치국수,면요리,8000,아침–저녁,No,Yes,3.9,빠르게 먹기 좋고 이동 중 부담이 적은 따뜻한 면 메뉴입니다. 대시보드 추천 메뉴로 표시됩니다.
RS028,간식 코너,소떡소떡,간식,5000,점심–저녁,No,No,4.0,짧은 휴식 시간에 먹기 좋은 휴게소 간식 메뉴입니다.
RS028,간식 코너,핫바 꼬치,간식,4500,아침–저녁,No,No,4.1,짧은 휴식 시간에 먹기 좋은 휴게소 간식 메뉴입니다.
RS028,카페·디저트,아메리카노,음료,4000,상시 판매,No,No,4.2,운전 중 졸음을 깨거나 휴식을 돕는 기본 음료 메뉴입니다.
RS029,한식 푸드코트,전주비빔밥 정식,지역 대표 메뉴,13000,아침–저녁,Yes,Yes,4.4,이 휴게소의 개성을 보여주는 지역형 대표 메뉴입니다. 해당 휴게소에서 특히 강조되는 시그니처 메뉴로 분리해 보여줍니다.
RS029,한식 푸드코트,고추장 제육덮밥,한식,11500,점심–저녁,No,Yes,4.5,든든한 식사를 원하는 운전자에게 맞춘 기본 한식 메뉴입니다. 대시보드 추천 메뉴로 표시됩니다.
RS029,한식 푸드코트,남도 떡갈비 정식,지역 대표 메뉴,14000,아침–저녁,No,No,4.6,이 휴게소의 개성을 보여주는 지역형 대표 메뉴입니다.
RS029,한식 푸드코트,계란 김치볶음밥,한식,10000,점심–저녁,No,No,4.7,든든한 식사를 원하는 운전자에게 맞춘 기본 한식 메뉴입니다.
RS029,한식 푸드코트,소불고기덮밥,한식,11500,아침–저녁,No,Yes,4.8,든든한 식사를 원하는 운전자에게 맞춘 기본 한식 메뉴입니다. 대시보드 추천 메뉴로 표시됩니다.
RS029,한식 푸드코트,김치찌개 정식,한식,10500,점심–저녁,No,No,4.9,든든한 식사를 원하는 운전자에게 맞춘 기본 한식 메뉴입니다.
RS029,면요리 코너,우동,면요리,8000,아침–저녁,No,No,3.8,빠르게 먹기 좋고 이동 중 부담이 적은 따뜻한 면 메뉴입니다.
RS029,면요리 코너,얼큰 라면,면요리,6500,점심–저녁,No,No,3.9,빠르게 먹기 좋고 이동 중 부담이 적은 따뜻한 면 메뉴입니다.
RS029,면요리 코너,잔치국수,면요리,8500,아침–저녁,No,Yes,4.0,빠르게 먹기 좋고 이동 중 부담이 적은 따뜻한 면 메뉴입니다. 대시보드 추천 메뉴로 표시됩니다.
RS029,간식 코너,소떡소떡,간식,5500,점심–저녁,No,No,4.1,짧은 휴식 시간에 먹기 좋은 휴게소 간식 메뉴입니다.
RS029,간식 코너,핫바 꼬치,간식,5000,아침–저녁,No,No,4.2,짧은 휴식 시간에 먹기 좋은 휴게소 간식 메뉴입니다.
RS029,카페·디저트,아메리카노,음료,4500,상시 판매,No,No,4.3,운전 중 졸음을 깨거나 휴식을 돕는 기본 음료 메뉴입니다.
RS030,한식 푸드코트,전주비빔밥 정식,지역 대표 메뉴,12000,아침–저녁,Yes,Yes,4.5,이 휴게소의 개성을 보여주는 지역형 대표 메뉴입니다. 해당 휴게소에서 특히 강조되는 시그니처 메뉴로 분리해 보여줍니다.
RS030,한식 푸드코트,고추장 제육덮밥,한식,10500,점심–저녁,No,Yes,4.6,든든한 식사를 원하는 운전자에게 맞춘 기본 한식 메뉴입니다. 대시보드 추천 메뉴로 표시됩니다.
RS030,한식 푸드코트,남도 떡갈비 정식,지역 대표 메뉴,13000,아침–저녁,No,No,4.7,이 휴게소의 개성을 보여주는 지역형 대표 메뉴입니다.
RS030,한식 푸드코트,계란 김치볶음밥,한식,9000,점심–저녁,No,No,4.8,든든한 식사를 원하는 운전자에게 맞춘 기본 한식 메뉴입니다.
RS030,한식 푸드코트,소불고기덮밥,한식,10500,아침–저녁,No,Yes,4.9,든든한 식사를 원하는 운전자에게 맞춘 기본 한식 메뉴입니다. 대시보드 추천 메뉴로 표시됩니다.
RS030,한식 푸드코트,김치찌개 정식,한식,9500,점심–저녁,No,No,3.8,든든한 식사를 원하는 운전자에게 맞춘 기본 한식 메뉴입니다.
RS030,면요리 코너,우동,면요리,7000,아침–저녁,No,No,3.9,빠르게 먹기 좋고 이동 중 부담이 적은 따뜻한 면 메뉴입니다.
RS030,면요리 코너,얼큰 라면,면요리,5500,점심–저녁,No,No,4.0,빠르게 먹기 좋고 이동 중 부담이 적은 따뜻한 면 메뉴입니다.
RS030,면요리 코너,잔치국수,면요리,7500,아침–저녁,No,Yes,4.1,빠르게 먹기 좋고 이동 중 부담이 적은 따뜻한 면 메뉴입니다. 대시보드 추천 메뉴로 표시됩니다.
RS030,간식 코너,소떡소떡,간식,4500,점심–저녁,No,No,4.2,짧은 휴식 시간에 먹기 좋은 휴게소 간식 메뉴입니다.
RS030,간식 코너,핫바 꼬치,간식,4000,아침–저녁,No,No,4.3,짧은 휴식 시간에 먹기 좋은 휴게소 간식 메뉴입니다.
RS030,카페·디저트,아메리카노,음료,3500,상시 판매,No,No,4.4,운전 중 졸음을 깨거나 휴식을 돕는 기본 음료 메뉴입니다.
RS031,한식 푸드코트,전주비빔밥 정식,지역 대표 메뉴,12500,아침–저녁,Yes,Yes,4.6,이 휴게소의 개성을 보여주는 지역형 대표 메뉴입니다. 해당 휴게소에서 특히 강조되는 시그니처 메뉴로 분리해 보여줍니다.
RS031,한식 푸드코트,고추장 제육덮밥,한식,11000,점심–저녁,No,Yes,4.7,든든한 식사를 원하는 운전자에게 맞춘 기본 한식 메뉴입니다. 대시보드 추천 메뉴로 표시됩니다.
RS031,한식 푸드코트,남도 떡갈비 정식,지역 대표 메뉴,13500,아침–저녁,No,No,4.8,이 휴게소의 개성을 보여주는 지역형 대표 메뉴입니다.
RS031,한식 푸드코트,계란 김치볶음밥,한식,9500,점심–저녁,No,No,4.9,든든한 식사를 원하는 운전자에게 맞춘 기본 한식 메뉴입니다.
RS031,한식 푸드코트,소불고기덮밥,한식,11000,아침–저녁,No,Yes,3.8,든든한 식사를 원하는 운전자에게 맞춘 기본 한식 메뉴입니다. 대시보드 추천 메뉴로 표시됩니다.
RS031,한식 푸드코트,김치찌개 정식,한식,10000,점심–저녁,No,No,3.9,든든한 식사를 원하는 운전자에게 맞춘 기본 한식 메뉴입니다.
RS031,면요리 코너,우동,면요리,7500,아침–저녁,No,No,4.0,빠르게 먹기 좋고 이동 중 부담이 적은 따뜻한 면 메뉴입니다.
RS031,면요리 코너,얼큰 라면,면요리,6000,점심–저녁,No,No,4.1,빠르게 먹기 좋고 이동 중 부담이 적은 따뜻한 면 메뉴입니다.
RS031,면요리 코너,잔치국수,면요리,8000,아침–저녁,No,Yes,4.2,빠르게 먹기 좋고 이동 중 부담이 적은 따뜻한 면 메뉴입니다. 대시보드 추천 메뉴로 표시됩니다.
RS031,간식 코너,소떡소떡,간식,5000,점심–저녁,No,No,4.3,짧은 휴식 시간에 먹기 좋은 휴게소 간식 메뉴입니다.
RS031,간식 코너,핫바 꼬치,간식,4500,아침–저녁,No,No,4.4,짧은 휴식 시간에 먹기 좋은 휴게소 간식 메뉴입니다.
RS031,카페·디저트,아메리카노,음료,4000,상시 판매,No,No,4.5,운전 중 졸음을 깨거나 휴식을 돕는 기본 음료 메뉴입니다.
RS032,한식 푸드코트,알밤 불고기덮밥,지역 대표 메뉴,13000,아침–저녁,Yes,Yes,4.7,이 휴게소의 개성을 보여주는 지역형 대표 메뉴입니다. 해당 휴게소에서 특히 강조되는 시그니처 메뉴로 분리해 보여줍니다.
RS032,카페·디저트,천안 호두과자 세트,디저트,7500,상시 판매,No,Yes,4.8,식사 후 가볍게 즐기기 좋은 달콤한 메뉴입니다. 대시보드 추천 메뉴로 표시됩니다.
RS032,면요리 코너,대천 해물라면,면요리,9500,아침–저녁,No,No,4.9,빠르게 먹기 좋고 이동 중 부담이 적은 따뜻한 면 메뉴입니다.
RS032,면요리 코너,금강 어묵국수,면요리,10000,점심–저녁,No,No,3.8,빠르게 먹기 좋고 이동 중 부담이 적은 따뜻한 면 메뉴입니다.
RS032,한식 푸드코트,소불고기덮밥,한식,11500,아침–저녁,No,Yes,3.9,든든한 식사를 원하는 운전자에게 맞춘 기본 한식 메뉴입니다. 대시보드 추천 메뉴로 표시됩니다.
RS032,한식 푸드코트,김치찌개 정식,한식,10500,점심–저녁,No,No,4.0,든든한 식사를 원하는 운전자에게 맞춘 기본 한식 메뉴입니다.
RS032,면요리 코너,우동,면요리,8000,아침–저녁,No,No,4.1,빠르게 먹기 좋고 이동 중 부담이 적은 따뜻한 면 메뉴입니다.
RS032,면요리 코너,얼큰 라면,면요리,6500,점심–저녁,No,No,4.2,빠르게 먹기 좋고 이동 중 부담이 적은 따뜻한 면 메뉴입니다.
RS032,면요리 코너,잔치국수,면요리,8500,아침–저녁,No,Yes,4.3,빠르게 먹기 좋고 이동 중 부담이 적은 따뜻한 면 메뉴입니다. 대시보드 추천 메뉴로 표시됩니다.
RS032,간식 코너,소떡소떡,간식,5500,점심–저녁,No,No,4.4,짧은 휴식 시간에 먹기 좋은 휴게소 간식 메뉴입니다.
RS032,간식 코너,핫바 꼬치,간식,5000,아침–저녁,No,No,4.5,짧은 휴식 시간에 먹기 좋은 휴게소 간식 메뉴입니다.
RS032,카페·디저트,아메리카노,음료,4500,상시 판매,No,No,4.6,운전 중 졸음을 깨거나 휴식을 돕는 기본 음료 메뉴입니다.
RS033,한식 푸드코트,알밤 불고기덮밥,지역 대표 메뉴,12000,아침–저녁,Yes,Yes,4.8,이 휴게소의 개성을 보여주는 지역형 대표 메뉴입니다. 해당 휴게소에서 특히 강조되는 시그니처 메뉴로 분리해 보여줍니다.
RS033,카페·디저트,천안 호두과자 세트,디저트,6500,상시 판매,No,Yes,4.9,식사 후 가볍게 즐기기 좋은 달콤한 메뉴입니다. 대시보드 추천 메뉴로 표시됩니다.
RS033,면요리 코너,대천 해물라면,면요리,8500,아침–저녁,No,No,3.8,빠르게 먹기 좋고 이동 중 부담이 적은 따뜻한 면 메뉴입니다.
RS033,면요리 코너,금강 어묵국수,면요리,9000,점심–저녁,No,No,3.9,빠르게 먹기 좋고 이동 중 부담이 적은 따뜻한 면 메뉴입니다.
RS033,한식 푸드코트,소불고기덮밥,한식,10500,아침–저녁,No,Yes,4.0,든든한 식사를 원하는 운전자에게 맞춘 기본 한식 메뉴입니다. 대시보드 추천 메뉴로 표시됩니다.
RS033,한식 푸드코트,김치찌개 정식,한식,9500,점심–저녁,No,No,4.1,든든한 식사를 원하는 운전자에게 맞춘 기본 한식 메뉴입니다.
RS033,면요리 코너,우동,면요리,7000,아침–저녁,No,No,4.2,빠르게 먹기 좋고 이동 중 부담이 적은 따뜻한 면 메뉴입니다.
RS033,면요리 코너,얼큰 라면,면요리,5500,점심–저녁,No,No,4.3,빠르게 먹기 좋고 이동 중 부담이 적은 따뜻한 면 메뉴입니다.
RS033,면요리 코너,잔치국수,면요리,7500,아침–저녁,No,Yes,4.4,빠르게 먹기 좋고 이동 중 부담이 적은 따뜻한 면 메뉴입니다. 대시보드 추천 메뉴로 표시됩니다.
RS033,간식 코너,소떡소떡,간식,4500,점심–저녁,No,No,4.5,짧은 휴식 시간에 먹기 좋은 휴게소 간식 메뉴입니다.
RS033,간식 코너,핫바 꼬치,간식,4000,아침–저녁,No,No,4.6,짧은 휴식 시간에 먹기 좋은 휴게소 간식 메뉴입니다.
RS033,카페·디저트,아메리카노,음료,3500,상시 판매,No,No,4.7,운전 중 졸음을 깨거나 휴식을 돕는 기본 음료 메뉴입니다.
RS034,한식 푸드코트,알밤 불고기덮밥,지역 대표 메뉴,12500,아침–저녁,Yes,Yes,4.9,이 휴게소의 개성을 보여주는 지역형 대표 메뉴입니다. 해당 휴게소에서 특히 강조되는 시그니처 메뉴로 분리해 보여줍니다.
RS034,카페·디저트,천안 호두과자 세트,디저트,7000,상시 판매,No,Yes,3.8,식사 후 가볍게 즐기기 좋은 달콤한 메뉴입니다. 대시보드 추천 메뉴로 표시됩니다.
RS034,면요리 코너,대천 해물라면,면요리,9000,아침–저녁,No,No,3.9,빠르게 먹기 좋고 이동 중 부담이 적은 따뜻한 면 메뉴입니다.
RS034,면요리 코너,금강 어묵국수,면요리,9500,점심–저녁,No,No,4.0,빠르게 먹기 좋고 이동 중 부담이 적은 따뜻한 면 메뉴입니다.
RS034,한식 푸드코트,소불고기덮밥,한식,11000,아침–저녁,No,Yes,4.1,든든한 식사를 원하는 운전자에게 맞춘 기본 한식 메뉴입니다. 대시보드 추천 메뉴로 표시됩니다.
RS034,한식 푸드코트,김치찌개 정식,한식,10000,점심–저녁,No,No,4.2,든든한 식사를 원하는 운전자에게 맞춘 기본 한식 메뉴입니다.
RS034,면요리 코너,우동,면요리,7500,아침–저녁,No,No,4.3,빠르게 먹기 좋고 이동 중 부담이 적은 따뜻한 면 메뉴입니다.
RS034,면요리 코너,얼큰 라면,면요리,6000,점심–저녁,No,No,4.4,빠르게 먹기 좋고 이동 중 부담이 적은 따뜻한 면 메뉴입니다.
RS034,면요리 코너,잔치국수,면요리,8000,아침–저녁,No,Yes,4.5,빠르게 먹기 좋고 이동 중 부담이 적은 따뜻한 면 메뉴입니다. 대시보드 추천 메뉴로 표시됩니다.
RS034,간식 코너,소떡소떡,간식,5000,점심–저녁,No,No,4.6,짧은 휴식 시간에 먹기 좋은 휴게소 간식 메뉴입니다.
RS034,간식 코너,핫바 꼬치,간식,4500,아침–저녁,No,No,4.7,짧은 휴식 시간에 먹기 좋은 휴게소 간식 메뉴입니다.
RS034,카페·디저트,아메리카노,음료,4000,상시 판매,No,No,4.8,운전 중 졸음을 깨거나 휴식을 돕는 기본 음료 메뉴입니다.
RS035,한식 푸드코트,전주비빔밥 정식,지역 대표 메뉴,13000,아침–저녁,Yes,Yes,3.8,이 휴게소의 개성을 보여주는 지역형 대표 메뉴입니다. 해당 휴게소에서 특히 강조되는 시그니처 메뉴로 분리해 보여줍니다.
RS035,한식 푸드코트,고추장 제육덮밥,한식,11500,점심–저녁,No,Yes,3.9,든든한 식사를 원하는 운전자에게 맞춘 기본 한식 메뉴입니다. 대시보드 추천 메뉴로 표시됩니다.
RS035,한식 푸드코트,남도 떡갈비 정식,지역 대표 메뉴,14000,아침–저녁,No,No,4.0,이 휴게소의 개성을 보여주는 지역형 대표 메뉴입니다.
RS035,한식 푸드코트,계란 김치볶음밥,한식,10000,점심–저녁,No,No,4.1,든든한 식사를 원하는 운전자에게 맞춘 기본 한식 메뉴입니다.
RS035,한식 푸드코트,소불고기덮밥,한식,11500,아침–저녁,No,Yes,4.2,든든한 식사를 원하는 운전자에게 맞춘 기본 한식 메뉴입니다. 대시보드 추천 메뉴로 표시됩니다.
RS035,한식 푸드코트,김치찌개 정식,한식,10500,점심–저녁,No,No,4.3,든든한 식사를 원하는 운전자에게 맞춘 기본 한식 메뉴입니다.
RS035,면요리 코너,우동,면요리,8000,아침–저녁,No,No,4.4,빠르게 먹기 좋고 이동 중 부담이 적은 따뜻한 면 메뉴입니다.
RS035,면요리 코너,얼큰 라면,면요리,6500,점심–저녁,No,No,4.5,빠르게 먹기 좋고 이동 중 부담이 적은 따뜻한 면 메뉴입니다.
RS035,면요리 코너,잔치국수,면요리,8500,아침–저녁,No,Yes,4.6,빠르게 먹기 좋고 이동 중 부담이 적은 따뜻한 면 메뉴입니다. 대시보드 추천 메뉴로 표시됩니다.
RS035,간식 코너,소떡소떡,간식,5500,점심–저녁,No,No,4.7,짧은 휴식 시간에 먹기 좋은 휴게소 간식 메뉴입니다.
RS035,간식 코너,핫바 꼬치,간식,5000,아침–저녁,No,No,4.8,짧은 휴식 시간에 먹기 좋은 휴게소 간식 메뉴입니다.
RS035,카페·디저트,아메리카노,음료,4500,상시 판매,No,No,4.9,운전 중 졸음을 깨거나 휴식을 돕는 기본 음료 메뉴입니다.
RS036,한식 푸드코트,전주비빔밥 정식,지역 대표 메뉴,12000,아침–저녁,Yes,Yes,3.9,이 휴게소의 개성을 보여주는 지역형 대표 메뉴입니다. 해당 휴게소에서 특히 강조되는 시그니처 메뉴로 분리해 보여줍니다.
RS036,한식 푸드코트,고추장 제육덮밥,한식,10500,점심–저녁,No,Yes,4.0,든든한 식사를 원하는 운전자에게 맞춘 기본 한식 메뉴입니다. 대시보드 추천 메뉴로 표시됩니다.
RS036,한식 푸드코트,남도 떡갈비 정식,지역 대표 메뉴,13000,아침–저녁,No,No,4.1,이 휴게소의 개성을 보여주는 지역형 대표 메뉴입니다.
RS036,한식 푸드코트,계란 김치볶음밥,한식,9000,점심–저녁,No,No,4.2,든든한 식사를 원하는 운전자에게 맞춘 기본 한식 메뉴입니다.
RS036,한식 푸드코트,소불고기덮밥,한식,10500,아침–저녁,No,Yes,4.3,든든한 식사를 원하는 운전자에게 맞춘 기본 한식 메뉴입니다. 대시보드 추천 메뉴로 표시됩니다.
RS036,한식 푸드코트,김치찌개 정식,한식,9500,점심–저녁,No,No,4.4,든든한 식사를 원하는 운전자에게 맞춘 기본 한식 메뉴입니다.
RS036,면요리 코너,우동,면요리,7000,아침–저녁,No,No,4.5,빠르게 먹기 좋고 이동 중 부담이 적은 따뜻한 면 메뉴입니다.
RS036,면요리 코너,얼큰 라면,면요리,5500,점심–저녁,No,No,4.6,빠르게 먹기 좋고 이동 중 부담이 적은 따뜻한 면 메뉴입니다.
RS036,면요리 코너,잔치국수,면요리,7500,아침–저녁,No,Yes,4.7,빠르게 먹기 좋고 이동 중 부담이 적은 따뜻한 면 메뉴입니다. 대시보드 추천 메뉴로 표시됩니다.
RS036,간식 코너,소떡소떡,간식,4500,점심–저녁,No,No,4.8,짧은 휴식 시간에 먹기 좋은 휴게소 간식 메뉴입니다.
RS036,간식 코너,핫바 꼬치,간식,4000,아침–저녁,No,No,4.9,짧은 휴식 시간에 먹기 좋은 휴게소 간식 메뉴입니다.
RS036,카페·디저트,아메리카노,음료,3500,상시 판매,No,No,3.8,운전 중 졸음을 깨거나 휴식을 돕는 기본 음료 메뉴입니다.
RS037,한식 푸드코트,전주비빔밥 정식,지역 대표 메뉴,12500,아침–저녁,Yes,Yes,4.0,이 휴게소의 개성을 보여주는 지역형 대표 메뉴입니다. 해당 휴게소에서 특히 강조되는 시그니처 메뉴로 분리해 보여줍니다.
RS037,한식 푸드코트,고추장 제육덮밥,한식,11000,점심–저녁,No,Yes,4.1,든든한 식사를 원하는 운전자에게 맞춘 기본 한식 메뉴입니다. 대시보드 추천 메뉴로 표시됩니다.
RS037,한식 푸드코트,남도 떡갈비 정식,지역 대표 메뉴,13500,아침–저녁,No,No,4.2,이 휴게소의 개성을 보여주는 지역형 대표 메뉴입니다.
RS037,한식 푸드코트,계란 김치볶음밥,한식,9500,점심–저녁,No,No,4.3,든든한 식사를 원하는 운전자에게 맞춘 기본 한식 메뉴입니다.
RS037,한식 푸드코트,소불고기덮밥,한식,11000,아침–저녁,No,Yes,4.4,든든한 식사를 원하는 운전자에게 맞춘 기본 한식 메뉴입니다. 대시보드 추천 메뉴로 표시됩니다.
RS037,한식 푸드코트,김치찌개 정식,한식,10000,점심–저녁,No,No,4.5,든든한 식사를 원하는 운전자에게 맞춘 기본 한식 메뉴입니다.
RS037,면요리 코너,우동,면요리,7500,아침–저녁,No,No,4.6,빠르게 먹기 좋고 이동 중 부담이 적은 따뜻한 면 메뉴입니다.
RS037,면요리 코너,얼큰 라면,면요리,6000,점심–저녁,No,No,4.7,빠르게 먹기 좋고 이동 중 부담이 적은 따뜻한 면 메뉴입니다.
RS037,면요리 코너,잔치국수,면요리,8000,아침–저녁,No,Yes,4.8,빠르게 먹기 좋고 이동 중 부담이 적은 따뜻한 면 메뉴입니다. 대시보드 추천 메뉴로 표시됩니다.
RS037,간식 코너,소떡소떡,간식,5000,점심–저녁,No,No,4.9,짧은 휴식 시간에 먹기 좋은 휴게소 간식 메뉴입니다.
RS037,간식 코너,핫바 꼬치,간식,4500,아침–저녁,No,No,3.8,짧은 휴식 시간에 먹기 좋은 휴게소 간식 메뉴입니다.
RS037,카페·디저트,아메리카노,음료,4000,상시 판매,No,No,3.9,운전 중 졸음을 깨거나 휴식을 돕는 기본 음료 메뉴입니다.
RS038,한식 푸드코트,전주비빔밥 정식,지역 대표 메뉴,13000,아침–저녁,Yes,Yes,4.1,이 휴게소의 개성을 보여주는 지역형 대표 메뉴입니다. 해당 휴게소에서 특히 강조되는 시그니처 메뉴로 분리해 보여줍니다.
RS038,한식 푸드코트,고추장 제육덮밥,한식,11500,점심–저녁,No,Yes,4.2,든든한 식사를 원하는 운전자에게 맞춘 기본 한식 메뉴입니다. 대시보드 추천 메뉴로 표시됩니다.
RS038,한식 푸드코트,남도 떡갈비 정식,지역 대표 메뉴,14000,아침–저녁,No,No,4.3,이 휴게소의 개성을 보여주는 지역형 대표 메뉴입니다.
RS038,한식 푸드코트,계란 김치볶음밥,한식,10000,점심–저녁,No,No,4.4,든든한 식사를 원하는 운전자에게 맞춘 기본 한식 메뉴입니다.
RS038,한식 푸드코트,소불고기덮밥,한식,11500,아침–저녁,No,Yes,4.5,든든한 식사를 원하는 운전자에게 맞춘 기본 한식 메뉴입니다. 대시보드 추천 메뉴로 표시됩니다.
RS038,한식 푸드코트,김치찌개 정식,한식,10500,점심–저녁,No,No,4.6,든든한 식사를 원하는 운전자에게 맞춘 기본 한식 메뉴입니다.
RS038,면요리 코너,우동,면요리,8000,아침–저녁,No,No,4.7,빠르게 먹기 좋고 이동 중 부담이 적은 따뜻한 면 메뉴입니다.
RS038,면요리 코너,얼큰 라면,면요리,6500,점심–저녁,No,No,4.8,빠르게 먹기 좋고 이동 중 부담이 적은 따뜻한 면 메뉴입니다.
RS038,면요리 코너,잔치국수,면요리,8500,아침–저녁,No,Yes,4.9,빠르게 먹기 좋고 이동 중 부담이 적은 따뜻한 면 메뉴입니다. 대시보드 추천 메뉴로 표시됩니다.
RS038,간식 코너,소떡소떡,간식,5500,점심–저녁,No,No,3.8,짧은 휴식 시간에 먹기 좋은 휴게소 간식 메뉴입니다.
RS038,간식 코너,핫바 꼬치,간식,5000,아침–저녁,No,No,3.9,짧은 휴식 시간에 먹기 좋은 휴게소 간식 메뉴입니다.
RS038,카페·디저트,아메리카노,음료,4500,상시 판매,No,No,4.0,운전 중 졸음을 깨거나 휴식을 돕는 기본 음료 메뉴입니다.
RS039,한식 푸드코트,전주비빔밥 정식,지역 대표 메뉴,12000,아침–저녁,Yes,Yes,4.2,이 휴게소의 개성을 보여주는 지역형 대표 메뉴입니다. 해당 휴게소에서 특히 강조되는 시그니처 메뉴로 분리해 보여줍니다.
RS039,한식 푸드코트,고추장 제육덮밥,한식,10500,점심–저녁,No,Yes,4.3,든든한 식사를 원하는 운전자에게 맞춘 기본 한식 메뉴입니다. 대시보드 추천 메뉴로 표시됩니다.
RS039,한식 푸드코트,남도 떡갈비 정식,지역 대표 메뉴,13000,아침–저녁,No,No,4.4,이 휴게소의 개성을 보여주는 지역형 대표 메뉴입니다.
RS039,한식 푸드코트,계란 김치볶음밥,한식,9000,점심–저녁,No,No,4.5,든든한 식사를 원하는 운전자에게 맞춘 기본 한식 메뉴입니다.
RS039,한식 푸드코트,소불고기덮밥,한식,10500,아침–저녁,No,Yes,4.6,든든한 식사를 원하는 운전자에게 맞춘 기본 한식 메뉴입니다. 대시보드 추천 메뉴로 표시됩니다.
RS039,한식 푸드코트,김치찌개 정식,한식,9500,점심–저녁,No,No,4.7,든든한 식사를 원하는 운전자에게 맞춘 기본 한식 메뉴입니다.
RS039,면요리 코너,우동,면요리,7000,아침–저녁,No,No,4.8,빠르게 먹기 좋고 이동 중 부담이 적은 따뜻한 면 메뉴입니다.
RS039,면요리 코너,얼큰 라면,면요리,5500,점심–저녁,No,No,4.9,빠르게 먹기 좋고 이동 중 부담이 적은 따뜻한 면 메뉴입니다.
RS039,면요리 코너,잔치국수,면요리,7500,아침–저녁,No,Yes,3.8,빠르게 먹기 좋고 이동 중 부담이 적은 따뜻한 면 메뉴입니다. 대시보드 추천 메뉴로 표시됩니다.
RS039,간식 코너,소떡소떡,간식,4500,점심–저녁,No,No,3.9,짧은 휴식 시간에 먹기 좋은 휴게소 간식 메뉴입니다.
RS039,간식 코너,핫바 꼬치,간식,4000,아침–저녁,No,No,4.0,짧은 휴식 시간에 먹기 좋은 휴게소 간식 메뉴입니다.
RS039,카페·디저트,아메리카노,음료,3500,상시 판매,No,No,4.1,운전 중 졸음을 깨거나 휴식을 돕는 기본 음료 메뉴입니다.
RS040,한식 푸드코트,전주비빔밥 정식,지역 대표 메뉴,12500,아침–저녁,Yes,Yes,4.3,이 휴게소의 개성을 보여주는 지역형 대표 메뉴입니다. 해당 휴게소에서 특히 강조되는 시그니처 메뉴로 분리해 보여줍니다.
RS040,한식 푸드코트,고추장 제육덮밥,한식,11000,점심–저녁,No,Yes,4.4,든든한 식사를 원하는 운전자에게 맞춘 기본 한식 메뉴입니다. 대시보드 추천 메뉴로 표시됩니다.
RS040,한식 푸드코트,남도 떡갈비 정식,지역 대표 메뉴,13500,아침–저녁,No,No,4.5,이 휴게소의 개성을 보여주는 지역형 대표 메뉴입니다.
RS040,한식 푸드코트,계란 김치볶음밥,한식,9500,점심–저녁,No,No,4.6,든든한 식사를 원하는 운전자에게 맞춘 기본 한식 메뉴입니다.
RS040,한식 푸드코트,소불고기덮밥,한식,11000,아침–저녁,No,Yes,4.7,든든한 식사를 원하는 운전자에게 맞춘 기본 한식 메뉴입니다. 대시보드 추천 메뉴로 표시됩니다.
RS040,한식 푸드코트,김치찌개 정식,한식,10000,점심–저녁,No,No,4.8,든든한 식사를 원하는 운전자에게 맞춘 기본 한식 메뉴입니다.
RS040,면요리 코너,우동,면요리,7500,아침–저녁,No,No,4.9,빠르게 먹기 좋고 이동 중 부담이 적은 따뜻한 면 메뉴입니다.
RS040,면요리 코너,얼큰 라면,면요리,6000,점심–저녁,No,No,3.8,빠르게 먹기 좋고 이동 중 부담이 적은 따뜻한 면 메뉴입니다.
RS040,면요리 코너,잔치국수,면요리,8000,아침–저녁,No,Yes,3.9,빠르게 먹기 좋고 이동 중 부담이 적은 따뜻한 면 메뉴입니다. 대시보드 추천 메뉴로 표시됩니다.
RS040,간식 코너,소떡소떡,간식,5000,점심–저녁,No,No,4.0,짧은 휴식 시간에 먹기 좋은 휴게소 간식 메뉴입니다.
RS040,간식 코너,핫바 꼬치,간식,4500,아침–저녁,No,No,4.1,짧은 휴식 시간에 먹기 좋은 휴게소 간식 메뉴입니다.
RS040,카페·디저트,아메리카노,음료,4000,상시 판매,No,No,4.2,운전 중 졸음을 깨거나 휴식을 돕는 기본 음료 메뉴입니다.
RS041,한식 푸드코트,전주비빔밥 정식,지역 대표 메뉴,13000,아침–저녁,Yes,Yes,4.4,이 휴게소의 개성을 보여주는 지역형 대표 메뉴입니다. 해당 휴게소에서 특히 강조되는 시그니처 메뉴로 분리해 보여줍니다.
RS041,한식 푸드코트,고추장 제육덮밥,한식,11500,점심–저녁,No,Yes,4.5,든든한 식사를 원하는 운전자에게 맞춘 기본 한식 메뉴입니다. 대시보드 추천 메뉴로 표시됩니다.
RS041,한식 푸드코트,남도 떡갈비 정식,지역 대표 메뉴,14000,아침–저녁,No,No,4.6,이 휴게소의 개성을 보여주는 지역형 대표 메뉴입니다.
RS041,한식 푸드코트,계란 김치볶음밥,한식,10000,점심–저녁,No,No,4.7,든든한 식사를 원하는 운전자에게 맞춘 기본 한식 메뉴입니다.
RS041,한식 푸드코트,소불고기덮밥,한식,11500,아침–저녁,No,Yes,4.8,든든한 식사를 원하는 운전자에게 맞춘 기본 한식 메뉴입니다. 대시보드 추천 메뉴로 표시됩니다.
RS041,한식 푸드코트,김치찌개 정식,한식,10500,점심–저녁,No,No,4.9,든든한 식사를 원하는 운전자에게 맞춘 기본 한식 메뉴입니다.
RS041,면요리 코너,우동,면요리,8000,아침–저녁,No,No,3.8,빠르게 먹기 좋고 이동 중 부담이 적은 따뜻한 면 메뉴입니다.
RS041,면요리 코너,얼큰 라면,면요리,6500,점심–저녁,No,No,3.9,빠르게 먹기 좋고 이동 중 부담이 적은 따뜻한 면 메뉴입니다.
RS041,면요리 코너,잔치국수,면요리,8500,아침–저녁,No,Yes,4.0,빠르게 먹기 좋고 이동 중 부담이 적은 따뜻한 면 메뉴입니다. 대시보드 추천 메뉴로 표시됩니다.
RS041,간식 코너,소떡소떡,간식,5500,점심–저녁,No,No,4.1,짧은 휴식 시간에 먹기 좋은 휴게소 간식 메뉴입니다.
RS041,간식 코너,핫바 꼬치,간식,5000,아침–저녁,No,No,4.2,짧은 휴식 시간에 먹기 좋은 휴게소 간식 메뉴입니다.
RS041,카페·디저트,아메리카노,음료,4500,상시 판매,No,No,4.3,운전 중 졸음을 깨거나 휴식을 돕는 기본 음료 메뉴입니다.
RS042,한식 푸드코트,전주비빔밥 정식,지역 대표 메뉴,12000,아침–저녁,Yes,Yes,4.5,이 휴게소의 개성을 보여주는 지역형 대표 메뉴입니다. 해당 휴게소에서 특히 강조되는 시그니처 메뉴로 분리해 보여줍니다.
RS042,한식 푸드코트,고추장 제육덮밥,한식,10500,점심–저녁,No,Yes,4.6,든든한 식사를 원하는 운전자에게 맞춘 기본 한식 메뉴입니다. 대시보드 추천 메뉴로 표시됩니다.
RS042,한식 푸드코트,남도 떡갈비 정식,지역 대표 메뉴,13000,아침–저녁,No,No,4.7,이 휴게소의 개성을 보여주는 지역형 대표 메뉴입니다.
RS042,한식 푸드코트,계란 김치볶음밥,한식,9000,점심–저녁,No,No,4.8,든든한 식사를 원하는 운전자에게 맞춘 기본 한식 메뉴입니다.
RS042,한식 푸드코트,소불고기덮밥,한식,10500,아침–저녁,No,Yes,4.9,든든한 식사를 원하는 운전자에게 맞춘 기본 한식 메뉴입니다. 대시보드 추천 메뉴로 표시됩니다.
RS042,한식 푸드코트,김치찌개 정식,한식,9500,점심–저녁,No,No,3.8,든든한 식사를 원하는 운전자에게 맞춘 기본 한식 메뉴입니다.
RS042,면요리 코너,우동,면요리,7000,아침–저녁,No,No,3.9,빠르게 먹기 좋고 이동 중 부담이 적은 따뜻한 면 메뉴입니다.
RS042,면요리 코너,얼큰 라면,면요리,5500,점심–저녁,No,No,4.0,빠르게 먹기 좋고 이동 중 부담이 적은 따뜻한 면 메뉴입니다.
RS042,면요리 코너,잔치국수,면요리,7500,아침–저녁,No,Yes,4.1,빠르게 먹기 좋고 이동 중 부담이 적은 따뜻한 면 메뉴입니다. 대시보드 추천 메뉴로 표시됩니다.
RS042,간식 코너,소떡소떡,간식,4500,점심–저녁,No,No,4.2,짧은 휴식 시간에 먹기 좋은 휴게소 간식 메뉴입니다.
RS042,간식 코너,핫바 꼬치,간식,4000,아침–저녁,No,No,4.3,짧은 휴식 시간에 먹기 좋은 휴게소 간식 메뉴입니다.
RS042,카페·디저트,아메리카노,음료,3500,상시 판매,No,No,4.4,운전 중 졸음을 깨거나 휴식을 돕는 기본 음료 메뉴입니다.
RS043,한식 푸드코트,전주비빔밥 정식,지역 대표 메뉴,12500,아침–저녁,Yes,Yes,4.6,이 휴게소의 개성을 보여주는 지역형 대표 메뉴입니다. 해당 휴게소에서 특히 강조되는 시그니처 메뉴로 분리해 보여줍니다.
RS043,한식 푸드코트,고추장 제육덮밥,한식,11000,점심–저녁,No,Yes,4.7,든든한 식사를 원하는 운전자에게 맞춘 기본 한식 메뉴입니다. 대시보드 추천 메뉴로 표시됩니다.
RS043,한식 푸드코트,남도 떡갈비 정식,지역 대표 메뉴,13500,아침–저녁,No,No,4.8,이 휴게소의 개성을 보여주는 지역형 대표 메뉴입니다.
RS043,한식 푸드코트,계란 김치볶음밥,한식,9500,점심–저녁,No,No,4.9,든든한 식사를 원하는 운전자에게 맞춘 기본 한식 메뉴입니다.
RS043,한식 푸드코트,소불고기덮밥,한식,11000,아침–저녁,No,Yes,3.8,든든한 식사를 원하는 운전자에게 맞춘 기본 한식 메뉴입니다. 대시보드 추천 메뉴로 표시됩니다.
RS043,한식 푸드코트,김치찌개 정식,한식,10000,점심–저녁,No,No,3.9,든든한 식사를 원하는 운전자에게 맞춘 기본 한식 메뉴입니다.
RS043,면요리 코너,우동,면요리,7500,아침–저녁,No,No,4.0,빠르게 먹기 좋고 이동 중 부담이 적은 따뜻한 면 메뉴입니다.
RS043,면요리 코너,얼큰 라면,면요리,6000,점심–저녁,No,No,4.1,빠르게 먹기 좋고 이동 중 부담이 적은 따뜻한 면 메뉴입니다.
RS043,면요리 코너,잔치국수,면요리,8000,아침–저녁,No,Yes,4.2,빠르게 먹기 좋고 이동 중 부담이 적은 따뜻한 면 메뉴입니다. 대시보드 추천 메뉴로 표시됩니다.
RS043,간식 코너,소떡소떡,간식,5000,점심–저녁,No,No,4.3,짧은 휴식 시간에 먹기 좋은 휴게소 간식 메뉴입니다.
RS043,간식 코너,핫바 꼬치,간식,4500,아침–저녁,No,No,4.4,짧은 휴식 시간에 먹기 좋은 휴게소 간식 메뉴입니다.
RS043,카페·디저트,아메리카노,음료,4000,상시 판매,No,No,4.5,운전 중 졸음을 깨거나 휴식을 돕는 기본 음료 메뉴입니다.
RS044,한식 푸드코트,횡성 한우국밥,지역 대표 메뉴,14500,아침–저녁,Yes,Yes,4.7,이 휴게소의 개성을 보여주는 지역형 대표 메뉴입니다. 해당 휴게소에서 특히 강조되는 시그니처 메뉴로 분리해 보여줍니다.
RS044,한식 푸드코트,감자옹심이,지역 대표 메뉴,12000,점심–저녁,No,Yes,4.8,이 휴게소의 개성을 보여주는 지역형 대표 메뉴입니다. 대시보드 추천 메뉴로 표시됩니다.
RS044,면요리 코너,메밀국수 세트,면요리,10500,아침–저녁,No,No,4.9,빠르게 먹기 좋고 이동 중 부담이 적은 따뜻한 면 메뉴입니다.
RS044,한식 푸드코트,산채비빔밥,한식,12500,점심–저녁,No,No,3.8,든든한 식사를 원하는 운전자에게 맞춘 기본 한식 메뉴입니다.
RS044,한식 푸드코트,소불고기덮밥,한식,11500,아침–저녁,No,Yes,3.9,든든한 식사를 원하는 운전자에게 맞춘 기본 한식 메뉴입니다. 대시보드 추천 메뉴로 표시됩니다.
RS044,한식 푸드코트,김치찌개 정식,한식,10500,점심–저녁,No,No,4.0,든든한 식사를 원하는 운전자에게 맞춘 기본 한식 메뉴입니다.
RS044,면요리 코너,우동,면요리,8000,아침–저녁,No,No,4.1,빠르게 먹기 좋고 이동 중 부담이 적은 따뜻한 면 메뉴입니다.
RS044,면요리 코너,얼큰 라면,면요리,6500,점심–저녁,No,No,4.2,빠르게 먹기 좋고 이동 중 부담이 적은 따뜻한 면 메뉴입니다.
RS044,면요리 코너,잔치국수,면요리,8500,아침–저녁,No,Yes,4.3,빠르게 먹기 좋고 이동 중 부담이 적은 따뜻한 면 메뉴입니다. 대시보드 추천 메뉴로 표시됩니다.
RS044,간식 코너,소떡소떡,간식,5500,점심–저녁,No,No,4.4,짧은 휴식 시간에 먹기 좋은 휴게소 간식 메뉴입니다.
RS044,간식 코너,핫바 꼬치,간식,5000,아침–저녁,No,No,4.5,짧은 휴식 시간에 먹기 좋은 휴게소 간식 메뉴입니다.
RS044,카페·디저트,아메리카노,음료,4500,상시 판매,No,No,4.6,운전 중 졸음을 깨거나 휴식을 돕는 기본 음료 메뉴입니다.
RS045,한식 푸드코트,횡성 한우국밥,지역 대표 메뉴,13500,아침–저녁,Yes,Yes,4.8,이 휴게소의 개성을 보여주는 지역형 대표 메뉴입니다. 해당 휴게소에서 특히 강조되는 시그니처 메뉴로 분리해 보여줍니다.
RS045,한식 푸드코트,감자옹심이,지역 대표 메뉴,11000,점심–저녁,No,Yes,4.9,이 휴게소의 개성을 보여주는 지역형 대표 메뉴입니다. 대시보드 추천 메뉴로 표시됩니다.
RS045,면요리 코너,메밀국수 세트,면요리,9500,아침–저녁,No,No,3.8,빠르게 먹기 좋고 이동 중 부담이 적은 따뜻한 면 메뉴입니다.
RS045,한식 푸드코트,산채비빔밥,한식,11500,점심–저녁,No,No,3.9,든든한 식사를 원하는 운전자에게 맞춘 기본 한식 메뉴입니다.
RS045,한식 푸드코트,소불고기덮밥,한식,10500,아침–저녁,No,Yes,4.0,든든한 식사를 원하는 운전자에게 맞춘 기본 한식 메뉴입니다. 대시보드 추천 메뉴로 표시됩니다.
RS045,한식 푸드코트,김치찌개 정식,한식,9500,점심–저녁,No,No,4.1,든든한 식사를 원하는 운전자에게 맞춘 기본 한식 메뉴입니다.
RS045,면요리 코너,우동,면요리,7000,아침–저녁,No,No,4.2,빠르게 먹기 좋고 이동 중 부담이 적은 따뜻한 면 메뉴입니다.
RS045,면요리 코너,얼큰 라면,면요리,5500,점심–저녁,No,No,4.3,빠르게 먹기 좋고 이동 중 부담이 적은 따뜻한 면 메뉴입니다.
RS045,면요리 코너,잔치국수,면요리,7500,아침–저녁,No,Yes,4.4,빠르게 먹기 좋고 이동 중 부담이 적은 따뜻한 면 메뉴입니다. 대시보드 추천 메뉴로 표시됩니다.
RS045,간식 코너,소떡소떡,간식,4500,점심–저녁,No,No,4.5,짧은 휴식 시간에 먹기 좋은 휴게소 간식 메뉴입니다.
RS045,간식 코너,핫바 꼬치,간식,4000,아침–저녁,No,No,4.6,짧은 휴식 시간에 먹기 좋은 휴게소 간식 메뉴입니다.
RS045,카페·디저트,아메리카노,음료,3500,상시 판매,No,No,4.7,운전 중 졸음을 깨거나 휴식을 돕는 기본 음료 메뉴입니다.
RS046,한식 푸드코트,횡성 한우국밥,지역 대표 메뉴,14000,아침–저녁,Yes,Yes,4.9,이 휴게소의 개성을 보여주는 지역형 대표 메뉴입니다. 해당 휴게소에서 특히 강조되는 시그니처 메뉴로 분리해 보여줍니다.
RS046,한식 푸드코트,감자옹심이,지역 대표 메뉴,11500,점심–저녁,No,Yes,3.8,이 휴게소의 개성을 보여주는 지역형 대표 메뉴입니다. 대시보드 추천 메뉴로 표시됩니다.
RS046,면요리 코너,메밀국수 세트,면요리,10000,아침–저녁,No,No,3.9,빠르게 먹기 좋고 이동 중 부담이 적은 따뜻한 면 메뉴입니다.
RS046,한식 푸드코트,산채비빔밥,한식,12000,점심–저녁,No,No,4.0,든든한 식사를 원하는 운전자에게 맞춘 기본 한식 메뉴입니다.
RS046,한식 푸드코트,소불고기덮밥,한식,11000,아침–저녁,No,Yes,4.1,든든한 식사를 원하는 운전자에게 맞춘 기본 한식 메뉴입니다. 대시보드 추천 메뉴로 표시됩니다.
RS046,한식 푸드코트,김치찌개 정식,한식,10000,점심–저녁,No,No,4.2,든든한 식사를 원하는 운전자에게 맞춘 기본 한식 메뉴입니다.
RS046,면요리 코너,우동,면요리,7500,아침–저녁,No,No,4.3,빠르게 먹기 좋고 이동 중 부담이 적은 따뜻한 면 메뉴입니다.
RS046,면요리 코너,얼큰 라면,면요리,6000,점심–저녁,No,No,4.4,빠르게 먹기 좋고 이동 중 부담이 적은 따뜻한 면 메뉴입니다.
RS046,면요리 코너,잔치국수,면요리,8000,아침–저녁,No,Yes,4.5,빠르게 먹기 좋고 이동 중 부담이 적은 따뜻한 면 메뉴입니다. 대시보드 추천 메뉴로 표시됩니다.
RS046,간식 코너,소떡소떡,간식,5000,점심–저녁,No,No,4.6,짧은 휴식 시간에 먹기 좋은 휴게소 간식 메뉴입니다.
RS046,간식 코너,핫바 꼬치,간식,4500,아침–저녁,No,No,4.7,짧은 휴식 시간에 먹기 좋은 휴게소 간식 메뉴입니다.
RS046,카페·디저트,아메리카노,음료,4000,상시 판매,No,No,4.8,운전 중 졸음을 깨거나 휴식을 돕는 기본 음료 메뉴입니다.
RS047,한식 푸드코트,횡성 한우국밥,지역 대표 메뉴,14500,아침–저녁,Yes,Yes,3.8,이 휴게소의 개성을 보여주는 지역형 대표 메뉴입니다. 해당 휴게소에서 특히 강조되는 시그니처 메뉴로 분리해 보여줍니다.
RS047,한식 푸드코트,감자옹심이,지역 대표 메뉴,12000,점심–저녁,No,Yes,3.9,이 휴게소의 개성을 보여주는 지역형 대표 메뉴입니다. 대시보드 추천 메뉴로 표시됩니다.
RS047,면요리 코너,메밀국수 세트,면요리,10500,아침–저녁,No,No,4.0,빠르게 먹기 좋고 이동 중 부담이 적은 따뜻한 면 메뉴입니다.
RS047,한식 푸드코트,산채비빔밥,한식,12500,점심–저녁,No,No,4.1,든든한 식사를 원하는 운전자에게 맞춘 기본 한식 메뉴입니다.
RS047,한식 푸드코트,소불고기덮밥,한식,11500,아침–저녁,No,Yes,4.2,든든한 식사를 원하는 운전자에게 맞춘 기본 한식 메뉴입니다. 대시보드 추천 메뉴로 표시됩니다.
RS047,한식 푸드코트,김치찌개 정식,한식,10500,점심–저녁,No,No,4.3,든든한 식사를 원하는 운전자에게 맞춘 기본 한식 메뉴입니다.
RS047,면요리 코너,우동,면요리,8000,아침–저녁,No,No,4.4,빠르게 먹기 좋고 이동 중 부담이 적은 따뜻한 면 메뉴입니다.
RS047,면요리 코너,얼큰 라면,면요리,6500,점심–저녁,No,No,4.5,빠르게 먹기 좋고 이동 중 부담이 적은 따뜻한 면 메뉴입니다.
RS047,면요리 코너,잔치국수,면요리,8500,아침–저녁,No,Yes,4.6,빠르게 먹기 좋고 이동 중 부담이 적은 따뜻한 면 메뉴입니다. 대시보드 추천 메뉴로 표시됩니다.
RS047,간식 코너,소떡소떡,간식,5500,점심–저녁,No,No,4.7,짧은 휴식 시간에 먹기 좋은 휴게소 간식 메뉴입니다.
RS047,간식 코너,핫바 꼬치,간식,5000,아침–저녁,No,No,4.8,짧은 휴식 시간에 먹기 좋은 휴게소 간식 메뉴입니다.
RS047,카페·디저트,아메리카노,음료,4500,상시 판매,No,No,4.9,운전 중 졸음을 깨거나 휴식을 돕는 기본 음료 메뉴입니다.
RS048,한식 푸드코트,프리미엄 돈가스 정식,한식·양식,12000,아침–저녁,Yes,Yes,3.9,휴게소에서 익숙하게 즐길 수 있는 식사형 메뉴입니다. 해당 휴게소에서 특히 강조되는 시그니처 메뉴로 분리해 보여줍니다.
RS048,한식 푸드코트,서울식 불고기덮밥,한식,11500,점심–저녁,No,Yes,4.0,든든한 식사를 원하는 운전자에게 맞춘 기본 한식 메뉴입니다. 대시보드 추천 메뉴로 표시됩니다.
RS048,한식 푸드코트,고속도로 아침 정식,한식,8500,아침–저녁,No,No,4.1,든든한 식사를 원하는 운전자에게 맞춘 기본 한식 메뉴입니다.
RS048,간식 코너,패밀리 간식 세트,간식,9000,점심–저녁,No,No,4.2,짧은 휴식 시간에 먹기 좋은 휴게소 간식 메뉴입니다.
RS048,한식 푸드코트,소불고기덮밥,한식,10500,아침–저녁,No,Yes,4.3,든든한 식사를 원하는 운전자에게 맞춘 기본 한식 메뉴입니다. 대시보드 추천 메뉴로 표시됩니다.
RS048,한식 푸드코트,김치찌개 정식,한식,9500,점심–저녁,No,No,4.4,든든한 식사를 원하는 운전자에게 맞춘 기본 한식 메뉴입니다.
RS048,면요리 코너,우동,면요리,7000,아침–저녁,No,No,4.5,빠르게 먹기 좋고 이동 중 부담이 적은 따뜻한 면 메뉴입니다.
RS048,면요리 코너,얼큰 라면,면요리,5500,점심–저녁,No,No,4.6,빠르게 먹기 좋고 이동 중 부담이 적은 따뜻한 면 메뉴입니다.
RS048,면요리 코너,잔치국수,면요리,7500,아침–저녁,No,Yes,4.7,빠르게 먹기 좋고 이동 중 부담이 적은 따뜻한 면 메뉴입니다. 대시보드 추천 메뉴로 표시됩니다.
RS048,간식 코너,소떡소떡,간식,4500,점심–저녁,No,No,4.8,짧은 휴식 시간에 먹기 좋은 휴게소 간식 메뉴입니다.
RS048,간식 코너,핫바 꼬치,간식,4000,아침–저녁,No,No,4.9,짧은 휴식 시간에 먹기 좋은 휴게소 간식 메뉴입니다.
RS048,카페·디저트,아메리카노,음료,3500,상시 판매,No,No,3.8,운전 중 졸음을 깨거나 휴식을 돕는 기본 음료 메뉴입니다.
RS049,한식 푸드코트,프리미엄 돈가스 정식,한식·양식,12500,아침–저녁,Yes,Yes,4.0,휴게소에서 익숙하게 즐길 수 있는 식사형 메뉴입니다. 해당 휴게소에서 특히 강조되는 시그니처 메뉴로 분리해 보여줍니다.
RS049,한식 푸드코트,서울식 불고기덮밥,한식,12000,점심–저녁,No,Yes,4.1,든든한 식사를 원하는 운전자에게 맞춘 기본 한식 메뉴입니다. 대시보드 추천 메뉴로 표시됩니다.
RS049,한식 푸드코트,고속도로 아침 정식,한식,9000,아침–저녁,No,No,4.2,든든한 식사를 원하는 운전자에게 맞춘 기본 한식 메뉴입니다.
RS049,간식 코너,패밀리 간식 세트,간식,9500,점심–저녁,No,No,4.3,짧은 휴식 시간에 먹기 좋은 휴게소 간식 메뉴입니다.
RS049,한식 푸드코트,소불고기덮밥,한식,11000,아침–저녁,No,Yes,4.4,든든한 식사를 원하는 운전자에게 맞춘 기본 한식 메뉴입니다. 대시보드 추천 메뉴로 표시됩니다.
RS049,한식 푸드코트,김치찌개 정식,한식,10000,점심–저녁,No,No,4.5,든든한 식사를 원하는 운전자에게 맞춘 기본 한식 메뉴입니다.
RS049,면요리 코너,우동,면요리,7500,아침–저녁,No,No,4.6,빠르게 먹기 좋고 이동 중 부담이 적은 따뜻한 면 메뉴입니다.
RS049,면요리 코너,얼큰 라면,면요리,6000,점심–저녁,No,No,4.7,빠르게 먹기 좋고 이동 중 부담이 적은 따뜻한 면 메뉴입니다.
RS049,면요리 코너,잔치국수,면요리,8000,아침–저녁,No,Yes,4.8,빠르게 먹기 좋고 이동 중 부담이 적은 따뜻한 면 메뉴입니다. 대시보드 추천 메뉴로 표시됩니다.
RS049,간식 코너,소떡소떡,간식,5000,점심–저녁,No,No,4.9,짧은 휴식 시간에 먹기 좋은 휴게소 간식 메뉴입니다.
RS049,간식 코너,핫바 꼬치,간식,4500,아침–저녁,No,No,3.8,짧은 휴식 시간에 먹기 좋은 휴게소 간식 메뉴입니다.
RS049,카페·디저트,아메리카노,음료,4000,상시 판매,No,No,3.9,운전 중 졸음을 깨거나 휴식을 돕는 기본 음료 메뉴입니다.
RS050,한식 푸드코트,알밤 불고기덮밥,지역 대표 메뉴,13000,아침–저녁,Yes,Yes,4.1,이 휴게소의 개성을 보여주는 지역형 대표 메뉴입니다. 해당 휴게소에서 특히 강조되는 시그니처 메뉴로 분리해 보여줍니다.
RS050,카페·디저트,천안 호두과자 세트,디저트,7500,상시 판매,No,Yes,4.2,식사 후 가볍게 즐기기 좋은 달콤한 메뉴입니다. 대시보드 추천 메뉴로 표시됩니다.
RS050,면요리 코너,대천 해물라면,면요리,9500,아침–저녁,No,No,4.3,빠르게 먹기 좋고 이동 중 부담이 적은 따뜻한 면 메뉴입니다.
RS050,면요리 코너,금강 어묵국수,면요리,10000,점심–저녁,No,No,4.4,빠르게 먹기 좋고 이동 중 부담이 적은 따뜻한 면 메뉴입니다.
RS050,한식 푸드코트,소불고기덮밥,한식,11500,아침–저녁,No,Yes,4.5,든든한 식사를 원하는 운전자에게 맞춘 기본 한식 메뉴입니다. 대시보드 추천 메뉴로 표시됩니다.
RS050,한식 푸드코트,김치찌개 정식,한식,10500,점심–저녁,No,No,4.6,든든한 식사를 원하는 운전자에게 맞춘 기본 한식 메뉴입니다.
RS050,면요리 코너,우동,면요리,8000,아침–저녁,No,No,4.7,빠르게 먹기 좋고 이동 중 부담이 적은 따뜻한 면 메뉴입니다.
RS050,면요리 코너,얼큰 라면,면요리,6500,점심–저녁,No,No,4.8,빠르게 먹기 좋고 이동 중 부담이 적은 따뜻한 면 메뉴입니다.
RS050,면요리 코너,잔치국수,면요리,8500,아침–저녁,No,Yes,4.9,빠르게 먹기 좋고 이동 중 부담이 적은 따뜻한 면 메뉴입니다. 대시보드 추천 메뉴로 표시됩니다.
RS050,간식 코너,소떡소떡,간식,5500,점심–저녁,No,No,3.8,짧은 휴식 시간에 먹기 좋은 휴게소 간식 메뉴입니다.
RS050,간식 코너,핫바 꼬치,간식,5000,아침–저녁,No,No,3.9,짧은 휴식 시간에 먹기 좋은 휴게소 간식 메뉴입니다.
RS050,카페·디저트,아메리카노,음료,4500,상시 판매,No,No,4.0,운전 중 졸음을 깨거나 휴식을 돕는 기본 음료 메뉴입니다.
RS051,한식 푸드코트,알밤 불고기덮밥,지역 대표 메뉴,12000,아침–저녁,Yes,Yes,4.2,이 휴게소의 개성을 보여주는 지역형 대표 메뉴입니다. 해당 휴게소에서 특히 강조되는 시그니처 메뉴로 분리해 보여줍니다.
RS051,카페·디저트,천안 호두과자 세트,디저트,6500,상시 판매,No,Yes,4.3,식사 후 가볍게 즐기기 좋은 달콤한 메뉴입니다. 대시보드 추천 메뉴로 표시됩니다.
RS051,면요리 코너,대천 해물라면,면요리,8500,아침–저녁,No,No,4.4,빠르게 먹기 좋고 이동 중 부담이 적은 따뜻한 면 메뉴입니다.
RS051,면요리 코너,금강 어묵국수,면요리,9000,점심–저녁,No,No,4.5,빠르게 먹기 좋고 이동 중 부담이 적은 따뜻한 면 메뉴입니다.
RS051,한식 푸드코트,소불고기덮밥,한식,10500,아침–저녁,No,Yes,4.6,든든한 식사를 원하는 운전자에게 맞춘 기본 한식 메뉴입니다. 대시보드 추천 메뉴로 표시됩니다.
RS051,한식 푸드코트,김치찌개 정식,한식,9500,점심–저녁,No,No,4.7,든든한 식사를 원하는 운전자에게 맞춘 기본 한식 메뉴입니다.
RS051,면요리 코너,우동,면요리,7000,아침–저녁,No,No,4.8,빠르게 먹기 좋고 이동 중 부담이 적은 따뜻한 면 메뉴입니다.
RS051,면요리 코너,얼큰 라면,면요리,5500,점심–저녁,No,No,4.9,빠르게 먹기 좋고 이동 중 부담이 적은 따뜻한 면 메뉴입니다.
RS051,면요리 코너,잔치국수,면요리,7500,아침–저녁,No,Yes,3.8,빠르게 먹기 좋고 이동 중 부담이 적은 따뜻한 면 메뉴입니다. 대시보드 추천 메뉴로 표시됩니다.
RS051,간식 코너,소떡소떡,간식,4500,점심–저녁,No,No,3.9,짧은 휴식 시간에 먹기 좋은 휴게소 간식 메뉴입니다.
RS051,간식 코너,핫바 꼬치,간식,4000,아침–저녁,No,No,4.0,짧은 휴식 시간에 먹기 좋은 휴게소 간식 메뉴입니다.
RS051,카페·디저트,아메리카노,음료,3500,상시 판매,No,No,4.1,운전 중 졸음을 깨거나 휴식을 돕는 기본 음료 메뉴입니다.
RS052,한식 푸드코트,알밤 불고기덮밥,지역 대표 메뉴,12500,아침–저녁,Yes,Yes,4.3,이 휴게소의 개성을 보여주는 지역형 대표 메뉴입니다. 해당 휴게소에서 특히 강조되는 시그니처 메뉴로 분리해 보여줍니다.
RS052,카페·디저트,천안 호두과자 세트,디저트,7000,상시 판매,No,Yes,4.4,식사 후 가볍게 즐기기 좋은 달콤한 메뉴입니다. 대시보드 추천 메뉴로 표시됩니다.
RS052,면요리 코너,대천 해물라면,면요리,9000,아침–저녁,No,No,4.5,빠르게 먹기 좋고 이동 중 부담이 적은 따뜻한 면 메뉴입니다.
RS052,면요리 코너,금강 어묵국수,면요리,9500,점심–저녁,No,No,4.6,빠르게 먹기 좋고 이동 중 부담이 적은 따뜻한 면 메뉴입니다.
RS052,한식 푸드코트,소불고기덮밥,한식,11000,아침–저녁,No,Yes,4.7,든든한 식사를 원하는 운전자에게 맞춘 기본 한식 메뉴입니다. 대시보드 추천 메뉴로 표시됩니다.
RS052,한식 푸드코트,김치찌개 정식,한식,10000,점심–저녁,No,No,4.8,든든한 식사를 원하는 운전자에게 맞춘 기본 한식 메뉴입니다.
RS052,면요리 코너,우동,면요리,7500,아침–저녁,No,No,4.9,빠르게 먹기 좋고 이동 중 부담이 적은 따뜻한 면 메뉴입니다.
RS052,면요리 코너,얼큰 라면,면요리,6000,점심–저녁,No,No,3.8,빠르게 먹기 좋고 이동 중 부담이 적은 따뜻한 면 메뉴입니다.
RS052,면요리 코너,잔치국수,면요리,8000,아침–저녁,No,Yes,3.9,빠르게 먹기 좋고 이동 중 부담이 적은 따뜻한 면 메뉴입니다. 대시보드 추천 메뉴로 표시됩니다.
RS052,간식 코너,소떡소떡,간식,5000,점심–저녁,No,No,4.0,짧은 휴식 시간에 먹기 좋은 휴게소 간식 메뉴입니다.
RS052,간식 코너,핫바 꼬치,간식,4500,아침–저녁,No,No,4.1,짧은 휴식 시간에 먹기 좋은 휴게소 간식 메뉴입니다.
RS052,카페·디저트,아메리카노,음료,4000,상시 판매,No,No,4.2,운전 중 졸음을 깨거나 휴식을 돕는 기본 음료 메뉴입니다.
RS053,한식 푸드코트,알밤 불고기덮밥,지역 대표 메뉴,13000,아침–저녁,Yes,Yes,4.4,이 휴게소의 개성을 보여주는 지역형 대표 메뉴입니다. 해당 휴게소에서 특히 강조되는 시그니처 메뉴로 분리해 보여줍니다.
RS053,카페·디저트,천안 호두과자 세트,디저트,7500,상시 판매,No,Yes,4.5,식사 후 가볍게 즐기기 좋은 달콤한 메뉴입니다. 대시보드 추천 메뉴로 표시됩니다.
RS053,면요리 코너,대천 해물라면,면요리,9500,아침–저녁,No,No,4.6,빠르게 먹기 좋고 이동 중 부담이 적은 따뜻한 면 메뉴입니다.
RS053,면요리 코너,금강 어묵국수,면요리,10000,점심–저녁,No,No,4.7,빠르게 먹기 좋고 이동 중 부담이 적은 따뜻한 면 메뉴입니다.
RS053,한식 푸드코트,소불고기덮밥,한식,11500,아침–저녁,No,Yes,4.8,든든한 식사를 원하는 운전자에게 맞춘 기본 한식 메뉴입니다. 대시보드 추천 메뉴로 표시됩니다.
RS053,한식 푸드코트,김치찌개 정식,한식,10500,점심–저녁,No,No,4.9,든든한 식사를 원하는 운전자에게 맞춘 기본 한식 메뉴입니다.
RS053,면요리 코너,우동,면요리,8000,아침–저녁,No,No,3.8,빠르게 먹기 좋고 이동 중 부담이 적은 따뜻한 면 메뉴입니다.
RS053,면요리 코너,얼큰 라면,면요리,6500,점심–저녁,No,No,3.9,빠르게 먹기 좋고 이동 중 부담이 적은 따뜻한 면 메뉴입니다.
RS053,면요리 코너,잔치국수,면요리,8500,아침–저녁,No,Yes,4.0,빠르게 먹기 좋고 이동 중 부담이 적은 따뜻한 면 메뉴입니다. 대시보드 추천 메뉴로 표시됩니다.
RS053,간식 코너,소떡소떡,간식,5500,점심–저녁,No,No,4.1,짧은 휴식 시간에 먹기 좋은 휴게소 간식 메뉴입니다.
RS053,간식 코너,핫바 꼬치,간식,5000,아침–저녁,No,No,4.2,짧은 휴식 시간에 먹기 좋은 휴게소 간식 메뉴입니다.
RS053,카페·디저트,아메리카노,음료,4500,상시 판매,No,No,4.3,운전 중 졸음을 깨거나 휴식을 돕는 기본 음료 메뉴입니다.
RS054,한식 푸드코트,돼지국밥,지역 대표 메뉴,10500,아침–저녁,Yes,Yes,4.5,이 휴게소의 개성을 보여주는 지역형 대표 메뉴입니다. 해당 휴게소에서 특히 강조되는 시그니처 메뉴로 분리해 보여줍니다.
RS054,한식 푸드코트,대구식 육개장,한식,11000,점심–저녁,No,Yes,4.6,든든한 식사를 원하는 운전자에게 맞춘 기본 한식 메뉴입니다. 대시보드 추천 메뉴로 표시됩니다.
RS054,한식 푸드코트,경주 보리비빔밥,지역 대표 메뉴,11500,아침–저녁,No,No,4.7,이 휴게소의 개성을 보여주는 지역형 대표 메뉴입니다.
RS054,한식 푸드코트,밀양 돈가스,한식·양식,11500,점심–저녁,No,No,4.8,휴게소에서 익숙하게 즐길 수 있는 식사형 메뉴입니다.
RS054,한식 푸드코트,소불고기덮밥,한식,10500,아침–저녁,No,Yes,4.9,든든한 식사를 원하는 운전자에게 맞춘 기본 한식 메뉴입니다. 대시보드 추천 메뉴로 표시됩니다.
RS054,한식 푸드코트,김치찌개 정식,한식,9500,점심–저녁,No,No,3.8,든든한 식사를 원하는 운전자에게 맞춘 기본 한식 메뉴입니다.
RS054,면요리 코너,우동,면요리,7000,아침–저녁,No,No,3.9,빠르게 먹기 좋고 이동 중 부담이 적은 따뜻한 면 메뉴입니다.
RS054,면요리 코너,얼큰 라면,면요리,5500,점심–저녁,No,No,4.0,빠르게 먹기 좋고 이동 중 부담이 적은 따뜻한 면 메뉴입니다.
RS054,면요리 코너,잔치국수,면요리,7500,아침–저녁,No,Yes,4.1,빠르게 먹기 좋고 이동 중 부담이 적은 따뜻한 면 메뉴입니다. 대시보드 추천 메뉴로 표시됩니다.
RS054,간식 코너,소떡소떡,간식,4500,점심–저녁,No,No,4.2,짧은 휴식 시간에 먹기 좋은 휴게소 간식 메뉴입니다.
RS054,간식 코너,핫바 꼬치,간식,4000,아침–저녁,No,No,4.3,짧은 휴식 시간에 먹기 좋은 휴게소 간식 메뉴입니다.
RS054,카페·디저트,아메리카노,음료,3500,상시 판매,No,No,4.4,운전 중 졸음을 깨거나 휴식을 돕는 기본 음료 메뉴입니다.
RS055,한식 푸드코트,돼지국밥,지역 대표 메뉴,11000,아침–저녁,Yes,Yes,4.6,이 휴게소의 개성을 보여주는 지역형 대표 메뉴입니다. 해당 휴게소에서 특히 강조되는 시그니처 메뉴로 분리해 보여줍니다.
RS055,한식 푸드코트,대구식 육개장,한식,11500,점심–저녁,No,Yes,4.7,든든한 식사를 원하는 운전자에게 맞춘 기본 한식 메뉴입니다. 대시보드 추천 메뉴로 표시됩니다.
RS055,한식 푸드코트,경주 보리비빔밥,지역 대표 메뉴,12000,아침–저녁,No,No,4.8,이 휴게소의 개성을 보여주는 지역형 대표 메뉴입니다.
RS055,한식 푸드코트,밀양 돈가스,한식·양식,12000,점심–저녁,No,No,4.9,휴게소에서 익숙하게 즐길 수 있는 식사형 메뉴입니다.
RS055,한식 푸드코트,소불고기덮밥,한식,11000,아침–저녁,No,Yes,3.8,든든한 식사를 원하는 운전자에게 맞춘 기본 한식 메뉴입니다. 대시보드 추천 메뉴로 표시됩니다.
RS055,한식 푸드코트,김치찌개 정식,한식,10000,점심–저녁,No,No,3.9,든든한 식사를 원하는 운전자에게 맞춘 기본 한식 메뉴입니다.
RS055,면요리 코너,우동,면요리,7500,아침–저녁,No,No,4.0,빠르게 먹기 좋고 이동 중 부담이 적은 따뜻한 면 메뉴입니다.
RS055,면요리 코너,얼큰 라면,면요리,6000,점심–저녁,No,No,4.1,빠르게 먹기 좋고 이동 중 부담이 적은 따뜻한 면 메뉴입니다.
RS055,면요리 코너,잔치국수,면요리,8000,아침–저녁,No,Yes,4.2,빠르게 먹기 좋고 이동 중 부담이 적은 따뜻한 면 메뉴입니다. 대시보드 추천 메뉴로 표시됩니다.
RS055,간식 코너,소떡소떡,간식,5000,점심–저녁,No,No,4.3,짧은 휴식 시간에 먹기 좋은 휴게소 간식 메뉴입니다.
RS055,간식 코너,핫바 꼬치,간식,4500,아침–저녁,No,No,4.4,짧은 휴식 시간에 먹기 좋은 휴게소 간식 메뉴입니다.
RS055,카페·디저트,아메리카노,음료,4000,상시 판매,No,No,4.5,운전 중 졸음을 깨거나 휴식을 돕는 기본 음료 메뉴입니다.
RS056,한식 푸드코트,돼지국밥,지역 대표 메뉴,11500,아침–저녁,Yes,Yes,4.7,이 휴게소의 개성을 보여주는 지역형 대표 메뉴입니다. 해당 휴게소에서 특히 강조되는 시그니처 메뉴로 분리해 보여줍니다.
RS056,한식 푸드코트,대구식 육개장,한식,12000,점심–저녁,No,Yes,4.8,든든한 식사를 원하는 운전자에게 맞춘 기본 한식 메뉴입니다. 대시보드 추천 메뉴로 표시됩니다.
RS056,한식 푸드코트,경주 보리비빔밥,지역 대표 메뉴,12500,아침–저녁,No,No,4.9,이 휴게소의 개성을 보여주는 지역형 대표 메뉴입니다.
RS056,한식 푸드코트,밀양 돈가스,한식·양식,12500,점심–저녁,No,No,3.8,휴게소에서 익숙하게 즐길 수 있는 식사형 메뉴입니다.
RS056,한식 푸드코트,소불고기덮밥,한식,11500,아침–저녁,No,Yes,3.9,든든한 식사를 원하는 운전자에게 맞춘 기본 한식 메뉴입니다. 대시보드 추천 메뉴로 표시됩니다.
RS056,한식 푸드코트,김치찌개 정식,한식,10500,점심–저녁,No,No,4.0,든든한 식사를 원하는 운전자에게 맞춘 기본 한식 메뉴입니다.
RS056,면요리 코너,우동,면요리,8000,아침–저녁,No,No,4.1,빠르게 먹기 좋고 이동 중 부담이 적은 따뜻한 면 메뉴입니다.
RS056,면요리 코너,얼큰 라면,면요리,6500,점심–저녁,No,No,4.2,빠르게 먹기 좋고 이동 중 부담이 적은 따뜻한 면 메뉴입니다.
RS056,면요리 코너,잔치국수,면요리,8500,아침–저녁,No,Yes,4.3,빠르게 먹기 좋고 이동 중 부담이 적은 따뜻한 면 메뉴입니다. 대시보드 추천 메뉴로 표시됩니다.
RS056,간식 코너,소떡소떡,간식,5500,점심–저녁,No,No,4.4,짧은 휴식 시간에 먹기 좋은 휴게소 간식 메뉴입니다.
RS056,간식 코너,핫바 꼬치,간식,5000,아침–저녁,No,No,4.5,짧은 휴식 시간에 먹기 좋은 휴게소 간식 메뉴입니다.
RS056,카페·디저트,아메리카노,음료,4500,상시 판매,No,No,4.6,운전 중 졸음을 깨거나 휴식을 돕는 기본 음료 메뉴입니다.
RS057,한식 푸드코트,알밤 불고기덮밥,지역 대표 메뉴,12000,아침–저녁,Yes,Yes,4.8,이 휴게소의 개성을 보여주는 지역형 대표 메뉴입니다. 해당 휴게소에서 특히 강조되는 시그니처 메뉴로 분리해 보여줍니다.
RS057,카페·디저트,천안 호두과자 세트,디저트,6500,상시 판매,No,Yes,4.9,식사 후 가볍게 즐기기 좋은 달콤한 메뉴입니다. 대시보드 추천 메뉴로 표시됩니다.
RS057,면요리 코너,대천 해물라면,면요리,8500,아침–저녁,No,No,3.8,빠르게 먹기 좋고 이동 중 부담이 적은 따뜻한 면 메뉴입니다.
RS057,면요리 코너,금강 어묵국수,면요리,9000,점심–저녁,No,No,3.9,빠르게 먹기 좋고 이동 중 부담이 적은 따뜻한 면 메뉴입니다.
RS057,한식 푸드코트,소불고기덮밥,한식,10500,아침–저녁,No,Yes,4.0,든든한 식사를 원하는 운전자에게 맞춘 기본 한식 메뉴입니다. 대시보드 추천 메뉴로 표시됩니다.
RS057,한식 푸드코트,김치찌개 정식,한식,9500,점심–저녁,No,No,4.1,든든한 식사를 원하는 운전자에게 맞춘 기본 한식 메뉴입니다.
RS057,면요리 코너,우동,면요리,7000,아침–저녁,No,No,4.2,빠르게 먹기 좋고 이동 중 부담이 적은 따뜻한 면 메뉴입니다.
RS057,면요리 코너,얼큰 라면,면요리,5500,점심–저녁,No,No,4.3,빠르게 먹기 좋고 이동 중 부담이 적은 따뜻한 면 메뉴입니다.
RS057,면요리 코너,잔치국수,면요리,7500,아침–저녁,No,Yes,4.4,빠르게 먹기 좋고 이동 중 부담이 적은 따뜻한 면 메뉴입니다. 대시보드 추천 메뉴로 표시됩니다.
RS057,간식 코너,소떡소떡,간식,4500,점심–저녁,No,No,4.5,짧은 휴식 시간에 먹기 좋은 휴게소 간식 메뉴입니다.
RS057,간식 코너,핫바 꼬치,간식,4000,아침–저녁,No,No,4.6,짧은 휴식 시간에 먹기 좋은 휴게소 간식 메뉴입니다.
RS057,카페·디저트,아메리카노,음료,3500,상시 판매,No,No,4.7,운전 중 졸음을 깨거나 휴식을 돕는 기본 음료 메뉴입니다.
RS058,한식 푸드코트,전주비빔밥 정식,지역 대표 메뉴,12500,아침–저녁,Yes,Yes,4.9,이 휴게소의 개성을 보여주는 지역형 대표 메뉴입니다. 해당 휴게소에서 특히 강조되는 시그니처 메뉴로 분리해 보여줍니다.
RS058,한식 푸드코트,고추장 제육덮밥,한식,11000,점심–저녁,No,Yes,3.8,든든한 식사를 원하는 운전자에게 맞춘 기본 한식 메뉴입니다. 대시보드 추천 메뉴로 표시됩니다.
RS058,한식 푸드코트,남도 떡갈비 정식,지역 대표 메뉴,13500,아침–저녁,No,No,3.9,이 휴게소의 개성을 보여주는 지역형 대표 메뉴입니다.
RS058,한식 푸드코트,계란 김치볶음밥,한식,9500,점심–저녁,No,No,4.0,든든한 식사를 원하는 운전자에게 맞춘 기본 한식 메뉴입니다.
RS058,한식 푸드코트,소불고기덮밥,한식,11000,아침–저녁,No,Yes,4.1,든든한 식사를 원하는 운전자에게 맞춘 기본 한식 메뉴입니다. 대시보드 추천 메뉴로 표시됩니다.
RS058,한식 푸드코트,김치찌개 정식,한식,10000,점심–저녁,No,No,4.2,든든한 식사를 원하는 운전자에게 맞춘 기본 한식 메뉴입니다.
RS058,면요리 코너,우동,면요리,7500,아침–저녁,No,No,4.3,빠르게 먹기 좋고 이동 중 부담이 적은 따뜻한 면 메뉴입니다.
RS058,면요리 코너,얼큰 라면,면요리,6000,점심–저녁,No,No,4.4,빠르게 먹기 좋고 이동 중 부담이 적은 따뜻한 면 메뉴입니다.
RS058,면요리 코너,잔치국수,면요리,8000,아침–저녁,No,Yes,4.5,빠르게 먹기 좋고 이동 중 부담이 적은 따뜻한 면 메뉴입니다. 대시보드 추천 메뉴로 표시됩니다.
RS058,간식 코너,소떡소떡,간식,5000,점심–저녁,No,No,4.6,짧은 휴식 시간에 먹기 좋은 휴게소 간식 메뉴입니다.
RS058,간식 코너,핫바 꼬치,간식,4500,아침–저녁,No,No,4.7,짧은 휴식 시간에 먹기 좋은 휴게소 간식 메뉴입니다.
RS058,카페·디저트,아메리카노,음료,4000,상시 판매,No,No,4.8,운전 중 졸음을 깨거나 휴식을 돕는 기본 음료 메뉴입니다.
RS059,한식 푸드코트,돼지국밥,지역 대표 메뉴,11500,아침–저녁,Yes,Yes,3.8,이 휴게소의 개성을 보여주는 지역형 대표 메뉴입니다. 해당 휴게소에서 특히 강조되는 시그니처 메뉴로 분리해 보여줍니다.
RS059,한식 푸드코트,대구식 육개장,한식,12000,점심–저녁,No,Yes,3.9,든든한 식사를 원하는 운전자에게 맞춘 기본 한식 메뉴입니다. 대시보드 추천 메뉴로 표시됩니다.
RS059,한식 푸드코트,경주 보리비빔밥,지역 대표 메뉴,12500,아침–저녁,No,No,4.0,이 휴게소의 개성을 보여주는 지역형 대표 메뉴입니다.
RS059,한식 푸드코트,밀양 돈가스,한식·양식,12500,점심–저녁,No,No,4.1,휴게소에서 익숙하게 즐길 수 있는 식사형 메뉴입니다.
RS059,한식 푸드코트,소불고기덮밥,한식,11500,아침–저녁,No,Yes,4.2,든든한 식사를 원하는 운전자에게 맞춘 기본 한식 메뉴입니다. 대시보드 추천 메뉴로 표시됩니다.
RS059,한식 푸드코트,김치찌개 정식,한식,10500,점심–저녁,No,No,4.3,든든한 식사를 원하는 운전자에게 맞춘 기본 한식 메뉴입니다.
RS059,면요리 코너,우동,면요리,8000,아침–저녁,No,No,4.4,빠르게 먹기 좋고 이동 중 부담이 적은 따뜻한 면 메뉴입니다.
RS059,면요리 코너,얼큰 라면,면요리,6500,점심–저녁,No,No,4.5,빠르게 먹기 좋고 이동 중 부담이 적은 따뜻한 면 메뉴입니다.
RS059,면요리 코너,잔치국수,면요리,8500,아침–저녁,No,Yes,4.6,빠르게 먹기 좋고 이동 중 부담이 적은 따뜻한 면 메뉴입니다. 대시보드 추천 메뉴로 표시됩니다.
RS059,간식 코너,소떡소떡,간식,5500,점심–저녁,No,No,4.7,짧은 휴식 시간에 먹기 좋은 휴게소 간식 메뉴입니다.
RS059,간식 코너,핫바 꼬치,간식,5000,아침–저녁,No,No,4.8,짧은 휴식 시간에 먹기 좋은 휴게소 간식 메뉴입니다.
RS059,카페·디저트,아메리카노,음료,4500,상시 판매,No,No,4.9,운전 중 졸음을 깨거나 휴식을 돕는 기본 음료 메뉴입니다.
RS060,한식 푸드코트,돼지국밥,지역 대표 메뉴,10500,아침–저녁,Yes,Yes,3.9,이 휴게소의 개성을 보여주는 지역형 대표 메뉴입니다. 해당 휴게소에서 특히 강조되는 시그니처 메뉴로 분리해 보여줍니다.
RS060,한식 푸드코트,대구식 육개장,한식,11000,점심–저녁,No,Yes,4.0,든든한 식사를 원하는 운전자에게 맞춘 기본 한식 메뉴입니다. 대시보드 추천 메뉴로 표시됩니다.
RS060,한식 푸드코트,경주 보리비빔밥,지역 대표 메뉴,11500,아침–저녁,No,No,4.1,이 휴게소의 개성을 보여주는 지역형 대표 메뉴입니다.
RS060,한식 푸드코트,밀양 돈가스,한식·양식,11500,점심–저녁,No,No,4.2,휴게소에서 익숙하게 즐길 수 있는 식사형 메뉴입니다.
RS060,한식 푸드코트,소불고기덮밥,한식,10500,아침–저녁,No,Yes,4.3,든든한 식사를 원하는 운전자에게 맞춘 기본 한식 메뉴입니다. 대시보드 추천 메뉴로 표시됩니다.
RS060,한식 푸드코트,김치찌개 정식,한식,9500,점심–저녁,No,No,4.4,든든한 식사를 원하는 운전자에게 맞춘 기본 한식 메뉴입니다.
RS060,면요리 코너,우동,면요리,7000,아침–저녁,No,No,4.5,빠르게 먹기 좋고 이동 중 부담이 적은 따뜻한 면 메뉴입니다.
RS060,면요리 코너,얼큰 라면,면요리,5500,점심–저녁,No,No,4.6,빠르게 먹기 좋고 이동 중 부담이 적은 따뜻한 면 메뉴입니다.
RS060,면요리 코너,잔치국수,면요리,7500,아침–저녁,No,Yes,4.7,빠르게 먹기 좋고 이동 중 부담이 적은 따뜻한 면 메뉴입니다. 대시보드 추천 메뉴로 표시됩니다.
RS060,간식 코너,소떡소떡,간식,4500,점심–저녁,No,No,4.8,짧은 휴식 시간에 먹기 좋은 휴게소 간식 메뉴입니다.
RS060,간식 코너,핫바 꼬치,간식,4000,아침–저녁,No,No,4.9,짧은 휴식 시간에 먹기 좋은 휴게소 간식 메뉴입니다.
RS060,카페·디저트,아메리카노,음료,3500,상시 판매,No,No,3.8,운전 중 졸음을 깨거나 휴식을 돕는 기본 음료 메뉴입니다.
RS061,한식 푸드코트,돼지국밥,지역 대표 메뉴,11000,아침–저녁,Yes,Yes,4.0,이 휴게소의 개성을 보여주는 지역형 대표 메뉴입니다. 해당 휴게소에서 특히 강조되는 시그니처 메뉴로 분리해 보여줍니다.
RS061,한식 푸드코트,대구식 육개장,한식,11500,점심–저녁,No,Yes,4.1,든든한 식사를 원하는 운전자에게 맞춘 기본 한식 메뉴입니다. 대시보드 추천 메뉴로 표시됩니다.
RS061,한식 푸드코트,경주 보리비빔밥,지역 대표 메뉴,12000,아침–저녁,No,No,4.2,이 휴게소의 개성을 보여주는 지역형 대표 메뉴입니다.
RS061,한식 푸드코트,밀양 돈가스,한식·양식,12000,점심–저녁,No,No,4.3,휴게소에서 익숙하게 즐길 수 있는 식사형 메뉴입니다.
RS061,한식 푸드코트,소불고기덮밥,한식,11000,아침–저녁,No,Yes,4.4,든든한 식사를 원하는 운전자에게 맞춘 기본 한식 메뉴입니다. 대시보드 추천 메뉴로 표시됩니다.
RS061,한식 푸드코트,김치찌개 정식,한식,10000,점심–저녁,No,No,4.5,든든한 식사를 원하는 운전자에게 맞춘 기본 한식 메뉴입니다.
RS061,면요리 코너,우동,면요리,7500,아침–저녁,No,No,4.6,빠르게 먹기 좋고 이동 중 부담이 적은 따뜻한 면 메뉴입니다.
RS061,면요리 코너,얼큰 라면,면요리,6000,점심–저녁,No,No,4.7,빠르게 먹기 좋고 이동 중 부담이 적은 따뜻한 면 메뉴입니다.
RS061,면요리 코너,잔치국수,면요리,8000,아침–저녁,No,Yes,4.8,빠르게 먹기 좋고 이동 중 부담이 적은 따뜻한 면 메뉴입니다. 대시보드 추천 메뉴로 표시됩니다.
RS061,간식 코너,소떡소떡,간식,5000,점심–저녁,No,No,4.9,짧은 휴식 시간에 먹기 좋은 휴게소 간식 메뉴입니다.
RS061,간식 코너,핫바 꼬치,간식,4500,아침–저녁,No,No,3.8,짧은 휴식 시간에 먹기 좋은 휴게소 간식 메뉴입니다.
RS061,카페·디저트,아메리카노,음료,4000,상시 판매,No,No,3.9,운전 중 졸음을 깨거나 휴식을 돕는 기본 음료 메뉴입니다.
RS062,한식 푸드코트,돼지국밥,지역 대표 메뉴,11500,아침–저녁,Yes,Yes,4.1,이 휴게소의 개성을 보여주는 지역형 대표 메뉴입니다. 해당 휴게소에서 특히 강조되는 시그니처 메뉴로 분리해 보여줍니다.
RS062,한식 푸드코트,대구식 육개장,한식,12000,점심–저녁,No,Yes,4.2,든든한 식사를 원하는 운전자에게 맞춘 기본 한식 메뉴입니다. 대시보드 추천 메뉴로 표시됩니다.
RS062,한식 푸드코트,경주 보리비빔밥,지역 대표 메뉴,12500,아침–저녁,No,No,4.3,이 휴게소의 개성을 보여주는 지역형 대표 메뉴입니다.
RS062,한식 푸드코트,밀양 돈가스,한식·양식,12500,점심–저녁,No,No,4.4,휴게소에서 익숙하게 즐길 수 있는 식사형 메뉴입니다.
RS062,한식 푸드코트,소불고기덮밥,한식,11500,아침–저녁,No,Yes,4.5,든든한 식사를 원하는 운전자에게 맞춘 기본 한식 메뉴입니다. 대시보드 추천 메뉴로 표시됩니다.
RS062,한식 푸드코트,김치찌개 정식,한식,10500,점심–저녁,No,No,4.6,든든한 식사를 원하는 운전자에게 맞춘 기본 한식 메뉴입니다.
RS062,면요리 코너,우동,면요리,8000,아침–저녁,No,No,4.7,빠르게 먹기 좋고 이동 중 부담이 적은 따뜻한 면 메뉴입니다.
RS062,면요리 코너,얼큰 라면,면요리,6500,점심–저녁,No,No,4.8,빠르게 먹기 좋고 이동 중 부담이 적은 따뜻한 면 메뉴입니다.
RS062,면요리 코너,잔치국수,면요리,8500,아침–저녁,No,Yes,4.9,빠르게 먹기 좋고 이동 중 부담이 적은 따뜻한 면 메뉴입니다. 대시보드 추천 메뉴로 표시됩니다.
RS062,간식 코너,소떡소떡,간식,5500,점심–저녁,No,No,3.8,짧은 휴식 시간에 먹기 좋은 휴게소 간식 메뉴입니다.
RS062,간식 코너,핫바 꼬치,간식,5000,아침–저녁,No,No,3.9,짧은 휴식 시간에 먹기 좋은 휴게소 간식 메뉴입니다.
RS062,카페·디저트,아메리카노,음료,4500,상시 판매,No,No,4.0,운전 중 졸음을 깨거나 휴식을 돕는 기본 음료 메뉴입니다.
RS063,한식 푸드코트,돼지국밥,지역 대표 메뉴,10500,아침–저녁,Yes,Yes,4.2,이 휴게소의 개성을 보여주는 지역형 대표 메뉴입니다. 해당 휴게소에서 특히 강조되는 시그니처 메뉴로 분리해 보여줍니다.
RS063,한식 푸드코트,대구식 육개장,한식,11000,점심–저녁,No,Yes,4.3,든든한 식사를 원하는 운전자에게 맞춘 기본 한식 메뉴입니다. 대시보드 추천 메뉴로 표시됩니다.
RS063,한식 푸드코트,경주 보리비빔밥,지역 대표 메뉴,11500,아침–저녁,No,No,4.4,이 휴게소의 개성을 보여주는 지역형 대표 메뉴입니다.
RS063,한식 푸드코트,밀양 돈가스,한식·양식,11500,점심–저녁,No,No,4.5,휴게소에서 익숙하게 즐길 수 있는 식사형 메뉴입니다.
RS063,한식 푸드코트,소불고기덮밥,한식,10500,아침–저녁,No,Yes,4.6,든든한 식사를 원하는 운전자에게 맞춘 기본 한식 메뉴입니다. 대시보드 추천 메뉴로 표시됩니다.
RS063,한식 푸드코트,김치찌개 정식,한식,9500,점심–저녁,No,No,4.7,든든한 식사를 원하는 운전자에게 맞춘 기본 한식 메뉴입니다.
RS063,면요리 코너,우동,면요리,7000,아침–저녁,No,No,4.8,빠르게 먹기 좋고 이동 중 부담이 적은 따뜻한 면 메뉴입니다.
RS063,면요리 코너,얼큰 라면,면요리,5500,점심–저녁,No,No,4.9,빠르게 먹기 좋고 이동 중 부담이 적은 따뜻한 면 메뉴입니다.
RS063,면요리 코너,잔치국수,면요리,7500,아침–저녁,No,Yes,3.8,빠르게 먹기 좋고 이동 중 부담이 적은 따뜻한 면 메뉴입니다. 대시보드 추천 메뉴로 표시됩니다.
RS063,간식 코너,소떡소떡,간식,4500,점심–저녁,No,No,3.9,짧은 휴식 시간에 먹기 좋은 휴게소 간식 메뉴입니다.
RS063,간식 코너,핫바 꼬치,간식,4000,아침–저녁,No,No,4.0,짧은 휴식 시간에 먹기 좋은 휴게소 간식 메뉴입니다.
RS063,카페·디저트,아메리카노,음료,3500,상시 판매,No,No,4.1,운전 중 졸음을 깨거나 휴식을 돕는 기본 음료 메뉴입니다.
RS064,한식 푸드코트,돼지국밥,지역 대표 메뉴,11000,아침–저녁,Yes,Yes,4.3,이 휴게소의 개성을 보여주는 지역형 대표 메뉴입니다. 해당 휴게소에서 특히 강조되는 시그니처 메뉴로 분리해 보여줍니다.
RS064,한식 푸드코트,대구식 육개장,한식,11500,점심–저녁,No,Yes,4.4,든든한 식사를 원하는 운전자에게 맞춘 기본 한식 메뉴입니다. 대시보드 추천 메뉴로 표시됩니다.
RS064,한식 푸드코트,경주 보리비빔밥,지역 대표 메뉴,12000,아침–저녁,No,No,4.5,이 휴게소의 개성을 보여주는 지역형 대표 메뉴입니다.
RS064,한식 푸드코트,밀양 돈가스,한식·양식,12000,점심–저녁,No,No,4.6,휴게소에서 익숙하게 즐길 수 있는 식사형 메뉴입니다.
RS064,한식 푸드코트,소불고기덮밥,한식,11000,아침–저녁,No,Yes,4.7,든든한 식사를 원하는 운전자에게 맞춘 기본 한식 메뉴입니다. 대시보드 추천 메뉴로 표시됩니다.
RS064,한식 푸드코트,김치찌개 정식,한식,10000,점심–저녁,No,No,4.8,든든한 식사를 원하는 운전자에게 맞춘 기본 한식 메뉴입니다.
RS064,면요리 코너,우동,면요리,7500,아침–저녁,No,No,4.9,빠르게 먹기 좋고 이동 중 부담이 적은 따뜻한 면 메뉴입니다.
RS064,면요리 코너,얼큰 라면,면요리,6000,점심–저녁,No,No,3.8,빠르게 먹기 좋고 이동 중 부담이 적은 따뜻한 면 메뉴입니다.
RS064,면요리 코너,잔치국수,면요리,8000,아침–저녁,No,Yes,3.9,빠르게 먹기 좋고 이동 중 부담이 적은 따뜻한 면 메뉴입니다. 대시보드 추천 메뉴로 표시됩니다.
RS064,간식 코너,소떡소떡,간식,5000,점심–저녁,No,No,4.0,짧은 휴식 시간에 먹기 좋은 휴게소 간식 메뉴입니다.
RS064,간식 코너,핫바 꼬치,간식,4500,아침–저녁,No,No,4.1,짧은 휴식 시간에 먹기 좋은 휴게소 간식 메뉴입니다.
RS064,카페·디저트,아메리카노,음료,4000,상시 판매,No,No,4.2,운전 중 졸음을 깨거나 휴식을 돕는 기본 음료 메뉴입니다.
